Transect,Site_Time,Site,Region,Time,FUNFR,SCLEN,SCLMA,ACRBR,HYDBR,ISOBR,MILBR,MONBR,POCBR,PORBR,SERBR,STYBR,DISCO,PAVCO,TURCO,ACAEN,ACREN,ALVJEN,ASTEN,CAUEN,COEEN,COSCEN,CYPEN,DISEN,ECYEN,ECNEN,FAEEN,GALEN,GONEN,GONPE,HYDEN,ISOEN,LEPEN,LETEN,LPTEN,LITEN,LOPEN,MEREN,MILEN,MOAEN,MONEN,MYCEN,OULEN,OXEN,PACEN,PAVEN,PLAEN,POREN,PSAEN,TUBEN,TUREN,ASTFO,ECPFO,LITFO,MERFO,MONFO,PACFO,PECFO,PORFO,TURFO,PAVFO,ASTMA,CAUMA,COEMA,CYPMA,DIPHE,DISMA,ECYMA,EUPMA,FAEMA,GALMA,GONMA,GONPM,HYDMA,LETMA,LOPMA,MOAMA,MONMA,PAVMA,PECMA,PLAMA,PLEMA,PORMA,STYCMA,SYMMA,TURMA,ACRTA,ECPTA,ISOTA,APC1,HELCO,KLYSI,LOB,NEP,SAR,SIN,TUBMU,XEN1,SF,ECA,BFIL,CALCA,GMA,CYA,GFIL,BMA,RFIL,RMA,TUA,TUS,SP,TER,PALTU,ZOAN,SEAAN,ASC,CIR,COM,DISSP,HER,JUNC,OYS,SABLL,SEA,SPIRO,TRIDA,URCH,HYDR,NUDIB,OPH,SHELL,VERME,UNK
2015_08_CFB_T1,2015_08_CFB,CFB,East,"""201508",0,2,0,0,0,0,0,0,0,0,0,0,0,0,0,0,0,0,0,0,0,0,0,0,0,0,0,0,0,0,0,0,0,0,0,0,0,0,0,0,0,0,0,0,0,0,0,0,0,0,0,0,0,0,0,0,0,0,0,0,0,0,0,0,0,0,0,0,0,0,0,0,0,0,0,0,0,0,0,0,0,0,0,0,0,0,0,0,0,0,110,0,0,0,0,0,0,0,0,136,0,309,0,0,0,3,0,0,0,354,0,0,0,0,0,0,0,1,0,0,0,0,0,0,0,0,0,0,0,0,0,0,0
2015_08_CFB_T2,2015_08_CFB,CFB,East,"""201508",0,0,0,0,0,0,0,0,0,0,1,0,0,0,0,0,0,0,0,0,0,0,0,0,0,0,0,0,0,0,0,0,0,0,0,0,0,0,0,0,0,0,0,0,0,0,0,0,0,0,0,0,0,0,0,0,0,0,0,0,0,0,0,0,0,0,0,0,0,0,0,0,0,0,0,0,0,0,0,0,0,0,0,0,0,0,0,0,0,0,92,0,0,0,0,0,0,0,0,175,0,145,0,0,0,0,0,5,0,515,0,0,0,0,0,0,0,0,0,0,0,0,0,0,0,0,0,0,0,0,0,0,0
2015_08_CFB_T3,2015_08_CFB,CFB,East,"""201508",0,1,0,0,0,0,0,0,0,0,3,0,0,0,0,0,0,0,0,0,0,0,0,0,0,0,3,0,0,0,0,0,0,0,0,0,0,0,0,0,0,0,0,0,0,0,0,0,0,2,0,0,0,0,0,0,0,0,0,0,0,0,0,0,0,0,0,0,0,0,0,0,0,0,0,0,0,0,0,0,0,0,0,0,0,0,0,0,0,0,59,0,0,0,0,0,0,0,0,103,0,94,0,0,0,5,0,7,1,726,0,0,0,0,0,0,0,0,0,0,0,0,0,0,0,0,0,0,0,0,0,0,0
2015_08_CFB_T4,2015_08_CFB,CFB,East,"""201508",0,0,0,0,0,0,0,0,0,0,0,2,0,0,0,0,0,0,0,0,0,0,0,0,0,0,1,1,0,0,0,0,0,0,0,0,0,0,0,0,0,0,0,0,0,0,0,0,0,0,0,0,0,0,0,0,0,0,0,0,0,0,0,0,0,0,0,0,0,0,0,0,0,0,0,0,0,0,0,0,0,0,0,0,0,0,0,0,0,0,32,0,0,0,0,0,0,0,0,122,0,66,0,0,0,0,0,3,0,718,0,0,0,0,0,0,0,0,0,0,0,0,0,0,0,0,0,6,0,0,0,0,0
2015_08_CFB_T5,2015_08_CFB,CFB,East,"""201508",0,1,0,0,0,0,0,0,0,0,1,0,0,0,0,0,0,0,0,0,0,0,0,5,0,0,0,0,0,0,0,6,0,0,0,0,0,0,0,0,0,0,0,0,0,0,0,0,0,0,0,0,0,0,0,0,0,0,0,0,0,0,0,0,0,0,0,0,0,0,0,0,0,0,0,0,0,0,0,0,0,0,0,0,0,0,0,0,0,0,91,0,0,0,0,0,0,0,0,142,0,64,0,0,0,0,0,6,0,660,0,0,0,0,0,0,0,1,0,0,0,0,0,0,0,0,0,27,0,0,0,0,1
2015_08_DBS_T1,2015_08_DBS,DBS,West,"""201508",0,12,0,27,0,0,29,0,0,11,0,0,0,0,0,0,0,0,0,0,0,0,0,0,0,0,0,0,0,0,0,0,0,0,0,0,0,0,0,0,34,0,0,0,0,0,0,5,0,0,0,0,0,0,0,38,0,0,4,0,0,0,0,0,0,0,2,0,0,3,0,1,37,0,0,0,0,0,0,0,3,0,0,0,0,0,0,0,0,0,21,0,0,0,0,4,0,0,0,92,0,0,0,1,0,0,0,12,403,232,2,0,0,0,0,0,0,7,0,0,0,0,0,0,0,0,0,0,1,0,0,0,0
2015_08_DBS_T2,2015_08_DBS,DBS,West,"""201508",0,4,0,1,0,0,1,0,0,0,0,0,0,0,0,0,0,0,0,0,0,0,0,7,0,0,4,0,0,0,0,0,0,28,0,0,0,0,0,0,45,0,0,0,0,0,4,0,0,0,0,0,0,0,0,0,0,0,0,0,0,0,0,0,0,0,26,0,0,0,0,16,0,0,0,0,0,0,0,0,26,0,34,0,0,0,0,0,0,0,6,0,0,0,0,3,0,0,0,58,0,0,0,0,0,0,0,6,520,132,0,0,0,0,0,0,0,0,0,0,0,0,0,0,0,0,0,0,0,0,0,0,0
2015_08_DBS_T3,2015_08_DBS,DBS,West,"""201508",0,3,4,10,0,0,9,2,2,0,0,0,0,0,0,0,0,0,0,0,0,0,0,0,0,5,0,5,0,0,0,0,0,1,0,0,0,0,0,0,99,0,0,0,0,0,4,6,0,0,0,0,0,0,0,1,0,0,0,0,0,0,0,0,0,0,38,0,0,0,1,0,0,0,0,0,0,0,0,0,0,0,0,0,2,0,0,0,0,0,72,0,4,0,0,71,21,0,0,4,0,0,0,0,0,0,0,13,239,394,0,0,0,0,0,0,0,0,0,0,0,0,0,0,0,0,0,0,0,0,0,0,0
2015_08_DBS_T4,2015_08_DBS,DBS,West,"""201508",0,4,0,7,0,0,1,0,0,0,0,0,0,0,0,2,0,0,0,0,0,0,0,0,0,0,1,8,0,1,0,0,0,3,0,0,0,1,0,0,125,0,0,0,0,0,0,4,0,0,4,0,0,0,0,40,0,0,0,0,0,0,0,0,0,0,0,0,0,26,0,1,0,0,0,0,0,1,0,0,12,0,2,0,11,0,0,0,0,0,27,0,0,0,0,47,5,0,0,4,0,0,0,0,0,0,0,16,127,536,1,4,0,0,0,0,0,0,0,0,0,0,0,0,0,0,0,0,0,0,0,0,0
2015_08_DBS_T5,2015_08_DBS,DBS,West,"""201508",0,1,0,21,0,0,3,14,0,0,0,0,0,0,0,0,0,0,0,0,0,0,0,1,0,0,11,19,0,0,0,0,0,10,0,0,0,0,0,0,127,0,0,0,0,0,1,0,0,0,0,0,0,0,0,40,0,0,0,0,0,0,0,0,0,0,3,0,0,3,0,0,0,0,3,0,0,5,0,0,2,0,1,0,5,0,0,0,0,0,35,0,0,0,0,14,5,0,0,29,0,3,0,0,0,0,0,28,160,486,0,0,2,0,0,0,0,0,0,0,0,0,0,0,0,0,0,0,0,0,0,0,0
2015_08_HBH_T1,2015_08_HBH,HBH,Nanwan,"""201508",0,15,3,37,15,0,29,0,0,0,0,0,0,18,0,0,0,0,0,0,0,0,0,0,0,29,5,1,0,0,0,1,0,0,0,0,0,4,0,0,65,0,0,0,0,0,2,12,0,0,0,0,0,0,5,36,0,0,0,0,0,0,0,0,0,0,0,0,0,27,0,5,0,0,4,0,0,0,0,0,0,0,53,0,5,2,6,0,0,15,2,0,8,0,3,74,0,0,3,45,0,0,0,0,0,0,4,16,46,225,0,0,3,0,0,0,0,0,0,0,0,0,0,0,0,0,0,0,0,0,0,0,0
2015_08_HBH_T2,2015_08_HBH,HBH,Nanwan,"""201508",0,2,0,11,2,0,36,0,5,15,0,0,0,0,0,0,0,0,0,0,0,0,3,4,0,32,9,1,2,0,0,1,0,0,0,0,0,3,11,0,30,0,0,0,0,0,7,5,0,0,0,0,0,0,1,57,0,0,0,0,0,0,2,0,0,0,3,2,0,14,0,2,0,0,0,0,0,0,0,0,2,0,43,0,0,7,1,0,0,0,0,0,10,0,30,53,0,0,0,70,0,0,0,0,0,0,0,50,60,231,3,0,0,0,0,0,0,2,0,0,0,0,0,0,0,0,0,0,0,0,0,0,0
2015_08_HBH_T3,2015_08_HBH,HBH,Nanwan,"""201508",0,9,0,14,1,1,48,0,2,32,0,0,0,0,0,0,0,0,0,0,0,0,0,4,0,19,4,0,0,0,0,0,0,20,0,0,0,16,6,0,38,2,0,0,0,0,0,0,0,0,0,0,0,0,13,135,0,0,0,0,0,0,0,0,17,0,10,0,0,11,0,0,0,0,0,0,0,36,0,0,0,0,26,0,2,0,0,0,0,17,3,0,0,38,0,22,0,0,2,57,0,0,0,0,0,0,0,11,38,220,5,0,1,0,0,0,0,0,0,0,0,0,0,0,0,0,0,0,0,0,0,0,0
2015_08_HBH_T4,2015_08_HBH,HBH,Nanwan,"""201508",0,2,0,12,0,0,13,0,2,20,0,0,0,0,0,0,0,0,0,0,0,0,0,0,0,45,3,0,1,0,0,0,0,26,0,0,0,31,1,0,13,0,0,0,0,0,3,4,0,0,0,0,0,0,64,59,0,0,5,0,0,0,0,0,24,0,2,0,0,17,0,0,0,0,6,0,0,0,0,0,0,0,0,0,14,0,0,0,0,13,1,0,9,0,32,20,13,0,0,7,2,1,0,0,0,0,0,4,144,248,1,0,0,0,0,1,0,1,0,0,0,0,0,0,0,0,0,0,0,0,0,0,1
2015_08_HBH_T5,2015_08_HBH,HBH,Nanwan,"""201508",0,3,0,84,6,0,131,0,0,18,0,0,0,0,0,0,0,0,0,0,0,0,6,0,0,59,0,0,0,0,50,0,0,0,0,0,0,3,3,0,5,0,0,0,0,0,2,2,0,0,0,0,0,0,5,33,0,0,0,0,0,0,0,0,0,0,0,0,0,0,0,0,0,0,0,0,0,0,0,0,6,0,7,0,0,0,0,0,0,7,0,0,49,0,8,15,0,0,1,14,0,0,0,0,0,0,0,8,75,251,1,0,0,0,0,0,0,1,0,0,0,0,0,0,0,0,0,0,0,0,0,0,0
2015_08_HW_T1,2015_08_HW,HW,West,"""201508",0,23,0,5,0,0,0,0,20,0,0,0,0,0,0,0,9,0,0,0,0,0,18,16,0,6,41,8,0,0,14,0,0,2,0,0,0,11,0,0,163,5,0,0,3,14,11,137,0,0,2,0,0,0,0,16,0,0,10,0,0,0,0,0,1,0,3,0,0,1,0,0,0,0,0,0,0,0,0,6,5,0,31,0,7,0,8,0,0,0,62,0,0,0,0,0,0,0,0,161,0,0,0,0,0,0,0,0,15,124,0,0,0,0,0,0,0,1,0,0,0,0,0,0,0,0,0,1,0,0,0,0,0
2015_08_HW_T2,2015_08_HW,HW,West,"""201508",0,38,0,4,0,0,5,0,16,1,0,2,0,0,0,1,0,0,0,0,0,0,0,4,0,8,25,4,2,0,7,0,0,0,0,0,0,11,0,0,125,0,0,0,3,0,6,29,0,0,0,0,0,4,0,43,0,0,0,0,0,0,0,0,0,0,10,0,0,4,1,0,0,0,0,0,0,0,4,0,7,0,77,0,1,0,3,0,0,0,114,0,8,0,0,0,0,0,0,218,0,1,0,0,0,0,0,0,117,2,2,0,0,0,0,0,0,3,1,0,0,0,0,0,0,0,1,0,0,0,0,0,0
2015_08_HW_T3,2015_08_HW,HW,West,"""201508",0,21,0,34,0,0,0,0,5,0,15,0,0,0,0,0,3,0,9,0,0,0,14,14,1,0,32,2,0,0,7,0,0,5,0,0,0,0,0,0,131,0,0,0,0,3,11,113,0,0,3,0,0,0,0,12,0,0,26,0,0,0,0,0,0,0,2,0,0,1,0,0,0,0,0,0,0,0,0,0,0,0,168,0,0,0,9,0,0,0,9,0,2,0,2,0,0,0,0,156,0,1,0,0,0,0,0,0,9,108,1,0,0,0,0,0,0,4,0,0,0,0,0,0,0,0,0,0,0,0,0,0,0
2015_08_HW_T4,2015_08_HW,HW,West,"""201508",0,39,0,24,0,0,0,0,4,0,0,0,0,0,0,0,9,0,3,0,0,0,6,17,8,0,22,0,0,0,0,0,0,0,0,0,0,0,0,0,95,0,0,0,0,4,14,40,0,0,3,0,0,0,0,6,0,0,1,0,3,3,0,0,0,0,8,0,2,0,0,0,0,0,0,0,0,0,0,0,3,0,119,0,0,0,13,0,0,0,9,0,0,0,3,1,0,0,0,175,0,1,0,0,0,0,0,0,6,213,1,0,4,0,0,0,0,0,0,0,0,0,0,0,0,0,2,0,0,0,0,0,0
2015_08_HW_T5,2015_08_HW,HW,West,"""201508",0,39,0,8,0,0,0,0,2,0,0,0,0,0,0,0,0,0,3,0,0,0,7,4,1,0,6,0,0,0,0,0,0,0,0,0,0,2,0,0,22,0,0,0,0,3,0,126,0,0,0,0,0,0,0,3,0,0,3,0,0,1,0,0,7,0,5,0,0,0,0,0,0,0,0,0,0,0,0,0,0,0,124,0,0,0,0,0,0,0,0,0,0,0,3,0,0,0,0,230,0,3,0,0,0,0,0,0,34,201,1,0,0,0,0,0,0,0,0,0,0,0,0,0,0,0,0,0,0,0,0,0,0
2015_08_JLS_T1,2015_08_JLS,JLS,East,"""201508",0,35,0,4,0,0,4,0,0,0,3,7,0,0,0,0,0,0,0,0,0,0,0,2,0,0,26,1,0,0,1,0,0,0,0,0,0,3,7,6,12,0,0,0,3,0,1,12,0,0,0,0,0,0,0,0,0,0,0,2,2,0,0,0,0,0,1,0,0,0,0,0,0,0,0,0,0,0,0,0,5,0,0,0,0,0,0,0,0,3,121,0,0,0,1,0,0,0,1,181,0,13,0,0,0,2,0,18,193,259,0,0,2,0,0,0,0,2,2,0,0,0,0,0,0,5,0,0,0,0,0,0,0
2015_08_JLS_T2,2015_08_JLS,JLS,East,"""201508",0,16,0,0,0,0,7,0,0,0,0,4,0,0,0,0,0,0,0,0,0,0,14,30,0,0,22,0,0,0,0,0,0,0,0,0,0,0,0,0,31,0,0,0,0,0,0,0,0,0,0,0,0,0,0,0,0,0,0,0,0,0,0,0,0,0,0,0,0,0,0,0,0,0,0,0,0,0,0,0,0,0,0,0,0,0,0,0,0,1,0,0,0,0,0,5,2,0,2,39,0,51,34,0,0,0,0,28,34,620,0,0,0,0,0,0,0,1,0,0,0,0,0,0,0,0,0,1,0,0,0,0,0
2015_08_JLS_T3,2015_08_JLS,JLS,East,"""201508",0,9,0,4,0,0,0,0,2,0,0,0,0,0,0,0,0,0,0,0,0,0,24,15,0,6,21,0,0,0,0,0,0,0,0,0,0,2,1,0,12,0,0,0,0,0,3,9,0,0,3,0,0,0,0,0,0,0,0,0,0,0,0,0,0,0,0,0,0,0,0,0,0,0,0,0,0,0,0,0,3,0,0,0,0,0,0,0,0,0,25,0,0,0,0,4,0,0,0,56,0,39,0,0,0,0,0,75,6,679,0,0,0,0,0,0,0,2,0,0,0,0,0,0,0,0,1,12,0,0,0,0,0
2015_08_JLS_T4,2015_08_JLS,JLS,East,"""201508",0,20,0,0,0,0,0,0,5,0,0,0,0,0,0,0,0,0,4,0,0,0,0,12,0,0,19,0,0,0,0,0,0,0,0,0,0,0,11,0,4,0,0,0,0,0,3,4,0,0,8,0,0,0,0,0,0,0,0,0,0,0,0,0,0,0,0,0,0,0,0,0,0,0,0,0,0,0,0,0,0,0,5,0,0,0,0,0,0,1,1,0,0,0,0,11,2,0,0,129,0,81,20,0,0,0,0,80,0,584,0,0,0,0,0,0,0,4,0,0,0,0,0,0,0,0,0,5,0,0,0,0,0
2015_08_JLS_T5,2015_08_JLS,JLS,East,"""201508",0,18,0,0,0,0,10,0,8,0,0,0,0,0,0,0,0,0,10,0,0,0,7,5,0,0,27,0,0,0,7,0,0,0,0,0,0,0,5,0,2,0,0,0,0,0,0,12,0,0,0,0,0,0,0,1,0,0,0,0,0,0,0,0,0,0,0,0,0,0,0,0,0,0,0,0,0,0,0,0,0,0,23,0,0,0,0,0,0,0,3,0,0,0,0,1,0,0,1,73,0,74,2,0,0,0,0,53,0,674,0,0,0,0,0,0,0,3,1,0,0,0,0,0,0,0,0,2,0,0,0,0,0
2015_08_LDS_T1,2015_08_LDS,LDS,Nanwan,"""201508",0,8,0,14,0,0,60,0,4,7,0,0,0,0,0,44,0,0,0,0,0,0,6,2,0,0,11,10,10,0,0,0,0,2,0,0,0,0,1,4,91,2,0,0,0,0,1,9,0,0,0,0,0,0,0,3,0,0,0,0,0,0,0,0,0,0,3,0,0,11,1,3,0,0,8,0,0,0,0,0,0,0,0,0,0,0,0,0,0,0,3,0,0,0,0,43,0,0,0,38,1,1,0,0,0,0,0,28,469,113,0,0,1,0,0,0,0,0,0,0,0,0,0,0,0,0,0,0,0,0,0,0,0
2015_08_LDS_T2,2015_08_LDS,LDS,Nanwan,"""201508",0,21,0,0,0,0,26,0,5,0,0,0,0,0,0,0,0,0,0,0,0,0,0,6,0,11,31,7,5,0,0,0,0,21,0,0,0,0,21,0,3,3,0,0,0,0,12,15,0,0,0,0,0,0,0,3,0,0,2,0,0,0,0,0,0,0,9,0,0,2,0,0,0,0,4,0,0,0,0,0,0,0,4,0,6,0,0,0,0,0,7,0,38,0,2,106,1,0,0,23,0,1,0,0,0,0,0,17,310,288,0,0,2,0,0,0,0,1,0,0,0,0,0,0,0,1,0,0,0,0,0,0,0
2015_08_LDS_T3,2015_08_LDS,LDS,Nanwan,"""201508",0,8,0,4,0,0,3,0,0,0,0,1,0,0,0,34,0,0,0,0,0,0,0,2,0,0,41,0,1,0,20,0,2,3,0,0,0,0,0,0,32,0,0,0,0,0,22,7,0,0,2,0,0,0,0,0,0,0,0,0,0,0,0,0,0,2,0,0,0,26,0,0,0,0,0,0,0,0,0,0,3,0,0,0,0,0,0,0,0,0,0,0,1,0,0,149,1,0,0,6,0,1,1,0,0,0,0,7,157,460,0,0,4,0,0,0,0,0,0,0,0,0,0,0,0,0,0,0,0,0,0,0,0
2015_08_LDS_T4,2015_08_LDS,LDS,Nanwan,"""201508",0,1,0,16,0,0,42,8,20,4,0,0,0,0,0,5,0,0,0,0,0,0,8,2,0,0,37,7,0,0,5,0,0,19,0,0,0,0,2,11,29,0,0,0,0,0,14,0,0,0,0,0,0,0,0,5,0,0,0,0,0,0,0,0,6,0,3,0,1,38,0,0,0,0,0,0,0,0,0,0,7,0,0,0,32,0,0,0,0,0,4,0,0,0,0,41,0,0,0,28,0,0,2,0,0,0,0,3,143,481,0,0,1,0,0,0,0,0,0,0,0,0,0,0,0,0,0,0,0,0,0,0,0
2015_08_LDS_T5,2015_08_LDS,LDS,Nanwan,"""201508",0,9,0,16,0,0,18,0,8,10,0,0,0,0,0,9,1,0,0,0,0,0,41,0,0,0,45,0,0,0,11,0,0,6,0,0,0,0,14,6,84,0,0,0,0,4,9,4,0,0,0,0,0,0,0,3,0,0,0,0,0,0,0,0,0,0,5,0,0,28,0,0,0,0,0,0,11,0,0,0,14,0,0,0,0,0,0,0,0,1,0,0,0,0,0,49,6,0,0,24,0,10,0,0,0,6,0,6,167,390,0,0,0,0,0,0,0,0,0,0,0,0,0,0,0,0,0,0,0,0,0,0,1
2015_08_LK_T1,2015_08_LK,LK,East,"""201508",0,8,0,2,0,0,0,0,15,0,0,0,0,0,0,14,0,0,0,0,0,0,5,21,0,0,49,0,0,0,2,0,0,20,0,0,0,0,21,0,5,0,0,0,0,1,35,0,0,0,0,0,0,0,0,0,0,0,0,0,0,0,0,0,0,0,0,0,0,0,0,0,0,0,0,0,0,0,0,0,0,0,7,0,0,0,0,0,0,0,46,0,0,0,3,28,4,0,2,102,0,26,0,0,0,0,0,22,151,373,0,0,4,0,0,0,0,13,0,0,0,0,0,0,0,0,0,2,0,0,0,0,0
2015_08_LK_T2,2015_08_LK,LK,East,"""201508",0,7,0,0,0,0,0,0,11,3,0,0,0,0,0,0,0,0,8,0,0,0,0,26,0,0,54,0,0,0,3,0,0,2,0,0,0,0,71,7,12,0,0,0,0,2,16,0,0,0,0,0,0,0,0,0,0,0,0,0,0,0,0,0,0,0,3,0,0,1,0,0,0,0,4,0,0,0,0,0,15,0,0,0,0,0,0,0,0,0,147,0,0,0,0,6,1,0,0,165,0,7,0,0,0,0,0,9,200,174,0,0,7,0,0,0,0,7,0,1,0,0,0,0,0,0,0,0,0,4,0,0,0
2015_08_LK_T3,2015_08_LK,LK,East,"""201508",0,13,0,0,0,0,0,0,6,0,0,0,0,0,0,0,0,0,0,0,0,0,0,1,0,2,14,0,0,0,0,0,0,16,0,0,0,0,3,0,0,0,0,0,0,0,11,0,0,0,2,0,0,0,0,0,0,0,0,0,0,0,0,0,0,0,6,0,0,0,0,0,0,0,0,0,0,0,0,0,0,0,0,0,0,0,0,0,0,0,109,0,0,0,5,152,0,0,0,122,0,14,0,0,0,0,0,3,157,318,0,0,6,0,0,0,0,17,0,0,0,0,0,0,0,0,0,2,0,0,0,0,0
2015_08_LK_T4,2015_08_LK,LK,East,"""201508",0,7,1,0,0,0,0,0,3,0,0,0,0,0,0,0,0,0,0,0,0,0,0,4,0,0,24,0,0,0,0,0,0,7,0,0,0,0,1,0,0,0,0,0,0,0,12,2,0,0,3,0,0,0,0,0,0,0,0,0,0,0,0,0,0,0,2,0,0,0,0,0,0,0,0,0,0,0,0,0,0,0,1,0,0,0,0,0,0,0,236,0,0,0,2,3,3,0,0,108,0,10,0,0,0,0,0,6,88,441,0,0,9,0,0,0,0,17,0,0,0,0,0,0,0,0,0,0,0,0,0,0,0
2015_08_LK_T5,2015_08_LK,LK,East,"""201508",0,15,0,0,0,0,0,0,9,2,0,2,0,0,0,0,0,0,0,0,0,0,0,5,0,0,34,0,0,0,7,0,0,8,1,0,0,0,37,8,0,2,2,0,0,0,13,5,0,0,0,0,0,0,0,0,0,0,0,0,0,0,0,0,0,0,5,0,0,0,0,0,0,0,0,0,0,0,0,0,9,4,0,0,0,0,0,0,0,0,132,0,5,0,8,63,0,0,0,137,0,5,15,0,0,5,0,22,382,0,0,0,9,0,0,0,0,10,0,0,0,0,0,0,0,0,0,0,0,0,0,0,0
2015_08_OUT_T1,2015_08_OUT,OUT,Nanwan,"""201508",0,11,2,4,14,0,43,0,7,0,0,5,0,0,0,4,0,0,0,0,0,0,0,11,0,0,26,17,13,0,0,0,2,1,0,0,6,0,5,0,195,0,0,0,0,0,2,5,0,0,0,0,1,0,0,103,0,0,0,0,0,0,0,0,0,0,27,0,3,2,99,0,0,0,2,0,0,0,0,0,54,0,1,0,0,0,0,0,0,0,0,0,0,0,0,24,0,0,2,7,0,3,0,0,0,0,0,1,178,90,4,0,0,0,0,0,0,0,0,0,0,0,0,0,0,0,1,0,0,0,0,0,1
2015_08_OUT_T2,2015_08_OUT,OUT,Nanwan,"""201508",0,6,0,6,0,0,52,0,11,0,2,0,0,0,0,46,8,0,0,0,0,0,6,5,2,12,54,9,0,0,0,6,0,0,0,0,0,33,3,0,100,0,0,0,0,8,6,4,0,0,0,0,0,0,0,90,0,0,0,0,0,0,0,0,0,0,8,0,0,0,58,0,0,0,0,0,0,0,0,0,5,0,12,2,0,0,0,0,0,0,1,0,0,0,0,7,0,0,0,27,0,27,1,0,0,0,0,0,164,215,0,0,0,0,0,0,0,1,0,0,0,0,0,0,0,0,0,0,0,0,0,0,0
2015_08_OUT_T3,2015_08_OUT,OUT,Nanwan,"""201508",0,7,0,9,0,0,13,0,4,0,12,2,0,0,0,4,0,0,16,0,0,0,3,18,0,0,45,4,0,0,0,0,0,25,0,0,0,11,0,0,92,0,0,0,5,3,39,5,0,0,0,0,0,0,0,53,0,0,0,0,0,0,0,0,3,0,5,0,0,0,0,0,0,0,0,0,0,0,0,0,33,0,5,0,2,0,0,0,0,0,9,0,0,0,0,62,0,0,0,17,0,9,0,0,0,0,0,3,73,395,0,0,1,0,0,0,0,1,0,0,0,0,0,0,0,0,0,0,0,0,0,0,0
2015_08_OUT_T4,2015_08_OUT,OUT,Nanwan,"""201508",0,15,0,11,0,0,35,0,13,4,15,0,0,0,0,0,0,0,0,0,0,0,0,7,0,0,42,14,0,0,0,0,0,2,0,0,0,7,5,1,57,0,0,0,0,1,11,7,0,0,0,0,0,0,0,44,3,0,0,0,0,0,0,0,2,0,21,0,0,18,15,0,0,0,0,0,0,0,0,0,67,0,4,0,0,0,2,0,0,0,2,0,0,0,2,16,0,0,0,9,0,59,0,0,0,0,0,0,78,394,0,0,3,0,0,0,0,0,0,0,0,0,0,0,0,0,0,0,0,0,0,0,0
2015_08_OUT_T5,2015_08_OUT,OUT,Nanwan,"""201508",0,3,0,7,0,0,1,1,22,0,2,5,0,0,0,56,0,0,0,0,0,0,2,3,0,0,87,37,1,0,0,0,0,2,0,0,0,0,0,0,44,0,0,0,0,0,11,9,0,0,0,0,0,0,0,1,0,0,0,0,0,0,0,0,4,0,4,0,2,0,14,0,0,0,0,0,0,0,0,0,0,0,0,0,0,0,0,0,0,0,1,0,7,0,0,52,0,0,1,4,0,31,0,0,0,0,0,2,422,191,0,0,0,0,0,0,0,0,0,0,0,0,0,0,0,0,0,0,0,0,0,0,0
2015_08_SJW_T1,2015_08_SJW,SJW,Nanwan,"""201508",0,4,4,13,0,0,0,0,14,0,0,0,0,0,0,7,0,0,0,0,0,0,0,0,0,0,4,0,0,0,0,0,0,3,0,0,0,0,0,0,229,0,0,0,0,3,0,0,0,0,0,0,0,0,0,20,0,0,0,0,0,0,0,0,0,0,10,0,0,11,8,3,0,0,10,0,0,0,0,0,0,0,1,0,0,0,33,0,0,0,3,0,0,0,5,0,0,0,0,98,0,26,0,0,0,0,0,13,34,427,1,0,0,0,0,0,0,1,0,0,0,0,0,0,0,0,0,0,0,0,0,0,0
2015_08_SJW_T2,2015_08_SJW,SJW,Nanwan,"""201508",0,2,0,3,0,0,0,0,16,0,0,0,0,0,0,3,0,0,0,0,0,0,0,7,0,0,9,0,1,0,5,0,0,1,0,0,0,0,0,0,326,0,0,0,3,1,5,0,0,0,0,0,0,0,0,0,0,0,0,0,0,0,0,0,0,0,6,0,0,0,0,0,0,0,0,0,0,0,0,0,0,0,0,0,3,0,10,0,0,0,14,0,0,0,0,4,0,0,0,86,0,12,0,0,0,0,0,14,20,404,0,0,0,0,0,0,0,5,0,0,0,0,0,0,0,0,0,0,0,0,0,0,0
2015_08_SJW_T3,2015_08_SJW,SJW,Nanwan,"""201508",0,4,0,17,0,0,0,0,25,0,0,0,0,0,0,0,12,0,0,0,0,0,0,5,0,0,7,1,1,0,0,0,0,0,0,0,0,0,0,0,383,0,0,0,0,0,2,0,0,0,2,0,0,0,0,16,0,0,0,0,0,0,0,0,0,0,0,0,2,0,0,0,0,0,0,0,0,0,0,0,0,0,0,0,0,0,17,0,0,0,4,0,0,0,0,0,0,0,3,47,0,9,0,0,0,0,0,28,0,397,2,0,1,0,0,1,0,0,0,0,0,0,0,0,0,0,1,0,0,0,0,0,1
2015_08_SJW_T4,2015_08_SJW,SJW,Nanwan,"""201508",0,7,0,3,0,0,3,0,11,0,0,0,0,0,0,0,4,0,0,0,0,0,4,19,0,0,21,11,0,0,0,0,0,0,0,0,0,0,0,0,223,0,0,0,0,0,0,0,0,0,0,0,0,0,0,20,0,0,0,0,0,0,0,0,0,0,0,0,0,0,0,0,0,0,0,0,0,0,0,0,0,0,0,0,15,0,4,0,0,0,18,0,0,0,0,4,0,0,0,59,0,15,0,0,0,0,0,29,6,517,0,0,6,0,0,0,0,0,0,0,0,1,0,0,0,0,0,0,0,0,0,0,0
2015_08_SJW_T5,2015_08_SJW,SJW,Nanwan,"""201508",0,23,0,24,0,0,6,0,9,0,0,0,0,0,0,14,0,0,0,0,0,0,0,8,0,0,12,5,0,3,0,0,0,3,0,0,0,0,0,4,27,0,0,0,8,0,0,78,0,0,0,0,0,0,0,65,0,0,0,0,0,0,0,0,0,0,11,0,0,1,0,0,0,0,0,0,8,0,0,0,10,1,0,0,0,0,30,0,0,0,14,0,0,0,2,0,0,0,0,95,5,16,0,0,0,0,0,20,47,378,1,0,3,0,0,0,0,1,0,0,0,0,0,0,0,0,0,0,0,0,0,0,0
2015_08_TS_T1,2015_08_TS,TS,Nanwan,"""201508",0,31,2,46,0,0,3,0,7,0,4,0,0,0,0,0,0,0,0,0,0,2,0,4,0,0,9,3,0,0,0,0,0,4,0,0,0,1,0,0,50,0,0,0,0,1,3,2,0,0,12,0,0,0,0,0,0,0,0,12,0,0,0,0,0,0,4,0,0,1,0,0,0,0,0,0,0,0,0,0,0,0,18,0,12,0,37,0,0,0,0,2,6,0,11,0,0,0,1,109,0,23,1,0,0,1,0,41,141,359,0,0,0,0,0,2,0,6,0,0,0,0,0,0,0,0,5,0,0,0,0,0,3
2015_08_TS_T2,2015_08_TS,TS,Nanwan,"""201508",0,16,0,30,2,0,24,0,6,2,33,0,0,0,0,0,0,0,0,0,0,0,16,0,0,0,6,0,19,0,3,0,0,0,0,0,0,0,0,3,87,0,0,0,0,4,4,4,0,0,4,0,0,0,8,14,0,0,0,1,0,1,0,0,1,0,4,0,0,0,2,0,0,0,0,0,0,0,0,0,0,0,3,0,3,0,11,0,0,2,0,0,0,0,7,0,0,0,0,166,0,5,3,0,0,0,0,13,55,283,3,0,4,0,0,0,0,5,0,0,0,0,0,1,0,0,1,0,0,0,0,0,0
2015_08_TS_T3,2015_08_TS,TS,Nanwan,"""201508",0,21,0,61,0,0,9,0,3,0,11,0,0,0,0,0,20,0,3,0,0,0,4,11,0,0,13,2,0,0,1,2,0,0,0,1,0,0,24,0,101,0,0,0,0,2,1,2,0,0,0,0,0,0,0,25,0,0,0,0,0,0,0,0,7,0,23,0,0,7,0,0,0,4,0,0,0,12,0,0,0,0,5,0,3,0,51,0,0,0,1,0,0,0,4,4,0,0,0,88,0,20,0,0,0,0,0,10,29,327,6,0,0,0,0,0,0,13,0,0,0,0,0,0,0,0,0,0,0,0,0,0,0
2015_08_TS_T4,2015_08_TS,TS,Nanwan,"""201508",0,9,0,23,16,0,17,0,11,2,2,0,0,0,0,0,2,0,0,0,0,0,5,11,0,2,13,0,1,0,1,0,0,0,0,0,0,1,5,0,132,0,0,0,2,4,3,12,0,0,0,0,0,0,0,4,0,0,0,0,0,0,0,0,0,0,5,0,1,0,0,0,0,0,0,0,0,0,0,0,0,3,4,0,0,0,126,0,0,0,0,0,2,0,13,18,0,0,5,57,0,21,3,0,0,0,0,12,21,372,13,0,0,0,0,0,0,3,0,0,0,0,0,0,0,0,4,0,0,0,0,0,0
2015_08_TS_T5,2015_08_TS,TS,Nanwan,"""201508",1,6,1,24,11,0,34,0,3,0,35,0,0,0,0,0,0,0,0,0,0,0,0,24,0,4,19,18,0,0,17,0,0,0,0,0,0,3,4,0,102,0,0,0,0,4,1,40,0,0,1,0,0,0,0,21,0,0,0,0,0,0,0,0,2,0,1,0,0,0,3,0,0,0,0,0,0,0,0,0,1,0,80,0,0,0,83,0,0,0,1,0,17,0,5,2,0,0,2,96,0,13,0,0,0,0,0,5,23,189,2,1,1,0,2,0,0,2,0,0,0,0,0,0,0,0,2,0,0,0,0,0,0
2015_08_WLT_T1,2015_08_WLT,WLT,West,"""201508",0,13,0,0,0,0,0,0,5,0,0,0,0,0,0,0,0,0,16,0,0,0,14,0,0,0,3,0,0,0,0,0,0,0,0,0,0,1,0,0,23,0,0,0,0,0,6,7,0,0,1,0,0,0,0,12,0,0,0,2,0,0,0,0,0,0,13,0,0,0,0,0,0,0,0,0,0,0,0,0,3,0,38,0,0,0,0,0,0,0,79,0,0,0,0,0,0,0,0,118,0,12,0,0,0,0,0,21,5,509,4,0,0,0,0,0,0,8,0,0,0,0,0,0,0,2,0,0,0,0,0,0,1
2015_08_WLT_T2,2015_08_WLT,WLT,West,"""201508",0,10,0,2,0,0,0,0,0,0,0,0,0,0,0,0,0,0,9,0,0,0,0,3,0,0,3,0,0,0,0,6,0,0,0,0,0,2,0,0,21,0,0,0,0,0,2,7,0,0,25,0,0,0,0,0,0,0,0,0,0,0,0,0,0,0,6,0,0,0,6,0,0,0,12,0,0,0,0,0,10,0,5,0,0,0,0,0,0,0,53,0,5,0,0,0,0,0,0,34,0,25,0,0,0,0,0,31,91,508,0,0,0,0,0,0,0,2,0,0,0,0,0,0,0,0,0,0,0,0,0,0,0
2015_08_WLT_T3,2015_08_WLT,WLT,West,"""201508",0,7,0,9,0,0,0,0,1,4,0,0,0,0,0,0,0,0,0,1,0,0,3,2,0,0,6,0,0,0,0,0,0,0,0,0,0,0,0,0,24,0,0,0,0,0,15,1,0,0,17,0,0,0,0,29,0,0,0,0,0,0,0,0,0,0,2,0,0,3,0,0,0,0,0,0,0,0,0,0,0,0,86,0,0,0,0,0,0,0,29,0,0,0,0,0,0,0,2,69,0,9,0,0,0,0,0,6,154,436,0,0,0,0,0,0,0,4,0,0,0,0,0,0,0,0,0,0,0,0,0,0,0
2015_08_WLT_T4,2015_08_WLT,WLT,West,"""201508",0,10,0,13,0,0,4,0,16,0,0,0,0,0,0,0,0,0,0,0,0,0,0,6,0,0,3,0,0,0,0,0,0,5,0,0,0,1,2,0,29,0,0,0,0,0,5,4,0,0,0,0,0,0,0,1,0,0,0,0,0,0,0,0,5,0,5,0,0,4,0,0,0,0,5,0,0,0,0,0,0,0,8,0,1,0,3,0,0,4,25,0,0,0,3,0,0,0,0,148,0,21,0,0,0,0,0,16,130,485,3,0,2,0,0,0,0,7,0,0,0,0,0,0,0,0,0,0,0,0,0,0,0
2015_08_WLT_T5,2015_08_WLT,WLT,West,"""201508",0,5,0,8,0,0,0,0,6,0,0,0,0,0,0,0,0,0,0,0,0,0,0,2,0,10,3,3,0,0,0,0,0,3,0,0,0,0,0,2,65,0,0,0,0,0,1,4,0,0,0,0,19,0,0,31,0,0,0,0,0,0,0,0,12,0,15,0,0,0,0,0,0,0,8,0,0,3,0,0,3,0,25,0,19,0,0,0,0,0,21,0,2,0,0,0,0,0,2,93,0,49,0,0,0,0,0,25,218,301,0,0,0,0,0,0,0,1,0,0,0,0,0,0,0,1,0,0,0,0,0,0,0
2016_04_CFB_T1,2016_04_CFB,CFB,East,"""201604",0,4,0,0,0,0,0,0,0,0,1,0,0,0,0,0,0,0,0,0,0,0,0,0,0,0,0,0,0,0,0,0,0,0,0,0,0,0,0,0,0,0,0,0,0,0,0,0,0,0,2,0,0,0,0,0,0,0,0,0,0,0,0,0,0,0,0,0,0,0,0,0,0,0,0,0,0,0,0,0,0,0,0,0,0,0,0,0,0,0,59,0,0,0,0,0,0,0,0,106,0,298,1,0,0,0,0,10,2,478,0,0,0,0,0,0,0,13,0,0,1,0,0,0,0,0,1,0,0,0,0,0,0
2016_04_CFB_T2,2016_04_CFB,CFB,East,"""201604",0,5,0,0,0,0,0,0,0,0,0,0,0,0,0,0,0,0,0,0,0,0,0,0,4,0,2,0,0,0,0,0,0,0,0,0,0,0,5,0,0,0,0,0,0,0,0,0,0,0,0,0,0,0,0,0,0,0,0,0,0,0,0,0,0,0,12,0,0,0,0,0,0,0,0,0,0,0,0,0,0,0,0,0,0,0,0,0,0,0,64,0,0,0,0,0,0,0,0,57,0,365,1,0,0,0,0,23,12,323,0,0,0,0,0,0,0,2,0,0,0,0,0,0,0,0,0,0,0,0,0,0,0
2016_04_CFB_T3,2016_04_CFB,CFB,East,"""201604",0,4,0,0,0,0,0,0,0,0,1,0,0,0,0,0,0,0,0,0,0,0,0,0,0,0,2,0,0,0,0,0,0,0,0,0,0,0,0,0,0,0,0,0,0,0,0,0,0,0,0,0,0,0,0,0,0,0,0,0,0,0,0,0,0,0,0,0,0,0,0,0,0,0,0,0,0,0,0,0,0,0,0,0,0,0,0,0,0,0,42,0,0,0,0,0,0,0,0,57,0,173,0,0,0,0,0,6,0,687,0,0,0,0,0,0,0,0,0,0,0,0,0,0,0,0,0,0,0,0,0,0,0
2016_04_CFB_T4,2016_04_CFB,CFB,East,"""201604",0,0,0,0,0,0,0,0,0,0,0,0,0,0,0,0,0,0,0,0,0,0,0,1,0,0,0,0,0,0,0,0,0,0,0,0,0,0,0,0,0,0,0,0,0,0,0,0,0,0,1,0,0,0,0,0,0,0,0,0,0,0,0,0,0,0,0,0,0,0,0,0,0,0,0,0,0,0,0,0,0,0,0,0,0,0,0,0,0,0,39,0,0,0,0,0,0,0,0,50,0,87,0,0,0,18,0,10,6,769,0,0,0,0,0,0,0,0,0,0,0,0,0,0,0,0,0,0,0,0,0,0,0
2016_04_CFB_T5,2016_04_CFB,CFB,East,"""201604",0,2,0,0,0,0,0,0,0,0,0,0,0,0,0,0,0,0,0,0,0,0,0,1,0,0,1,0,0,0,0,0,0,0,0,0,0,0,0,0,3,0,0,0,0,0,0,3,0,0,0,0,0,0,0,0,0,0,0,0,0,0,0,0,0,0,0,0,0,0,0,0,0,0,0,0,0,0,0,0,0,0,0,0,0,0,0,0,0,0,99,0,0,0,0,4,0,0,1,69,0,163,9,0,0,14,0,9,36,586,0,0,0,0,0,0,0,0,0,0,0,0,0,0,0,0,0,0,0,0,0,0,0
2016_04_DBS_T1,2016_04_DBS,DBS,West,"""201604",0,1,0,110,1,0,0,6,4,2,0,0,0,0,0,0,0,0,0,0,0,0,0,5,0,0,0,7,0,0,0,0,0,0,0,0,0,0,0,0,21,0,0,0,0,0,0,1,0,0,0,0,0,0,0,102,0,0,0,0,0,0,0,0,0,0,0,0,0,6,0,0,0,0,0,0,0,0,0,0,0,0,0,0,0,0,0,0,0,0,3,0,0,0,0,0,0,0,1,188,0,32,4,0,0,2,0,34,26,400,3,1,0,0,0,0,0,8,0,0,0,0,0,0,0,0,0,0,0,0,0,0,0
2016_04_DBS_T2,2016_04_DBS,DBS,West,"""201604",0,2,0,20,2,0,1,0,4,5,0,0,0,0,0,0,0,0,2,0,0,0,0,3,0,0,18,9,0,14,0,0,0,0,0,0,0,0,0,0,41,0,0,0,0,0,1,15,0,0,0,0,0,0,0,98,0,0,0,0,0,0,0,0,0,0,0,0,0,0,0,0,0,0,0,0,0,0,0,0,11,0,91,0,0,0,3,0,0,0,22,0,0,0,0,1,13,0,0,69,0,21,5,0,0,0,0,6,38,426,0,0,0,0,0,0,0,1,0,0,0,0,0,0,0,0,0,0,0,0,0,0,0
2016_04_DBS_T3,2016_04_DBS,DBS,West,"""201604",0,0,0,6,3,0,3,0,7,11,0,0,0,0,0,6,0,0,4,5,0,0,16,7,0,0,35,17,0,0,0,0,0,9,0,0,0,0,3,0,113,0,0,0,0,0,14,23,0,0,2,0,0,0,0,78,0,0,0,0,0,0,0,0,0,0,0,0,0,0,0,0,0,0,0,0,10,0,0,0,8,0,14,0,3,0,0,0,0,0,19,0,0,0,0,20,6,0,0,104,0,31,14,0,0,0,2,4,46,320,1,0,0,0,0,0,0,0,0,0,0,0,0,0,0,0,0,0,0,0,0,0,0
2016_04_DBS_T4,2016_04_DBS,DBS,West,"""201604",0,0,0,12,0,0,0,0,0,2,0,0,0,0,0,0,0,0,0,0,0,0,0,8,0,0,1,17,0,0,3,0,0,0,0,0,0,0,1,0,131,0,0,0,0,0,22,33,0,0,1,0,0,0,0,61,0,0,0,0,0,0,0,0,0,0,11,0,0,0,0,0,0,0,0,0,0,0,0,0,0,0,0,0,0,0,0,0,0,0,4,0,0,0,0,15,4,0,0,94,0,88,10,0,0,0,0,11,20,384,0,0,0,0,0,0,0,3,0,0,0,0,0,0,0,0,0,0,0,0,0,0,0
2016_04_DBS_T5,2016_04_DBS,DBS,West,"""201604",0,0,0,10,0,0,0,0,0,1,0,0,0,0,0,0,0,0,0,0,0,0,0,9,0,0,31,7,0,2,0,0,0,9,0,0,0,0,2,0,208,0,0,0,0,0,9,49,0,0,0,0,0,0,0,75,0,0,0,0,0,0,0,0,0,0,2,0,0,0,0,0,0,0,16,0,0,0,0,0,0,0,0,0,0,0,0,0,0,0,22,0,0,0,2,46,14,16,0,61,0,27,13,1,0,0,0,37,7,245,0,0,0,0,0,0,0,1,0,0,0,0,0,0,0,0,0,0,0,0,0,0,0
2016_04_HBH_T1,2016_04_HBH,HBH,Nanwan,"""201604",0,9,3,18,4,0,18,0,0,12,0,0,28,0,9,2,0,0,0,0,0,0,0,7,0,6,0,0,13,8,0,0,0,0,0,0,0,12,3,0,16,0,0,0,0,0,3,2,0,0,0,0,3,0,3,56,0,0,0,0,0,0,0,0,7,0,36,0,0,7,0,3,0,0,0,0,0,0,0,0,9,0,74,0,0,0,1,0,0,3,0,0,11,0,4,82,0,0,1,87,0,0,0,0,0,0,0,22,38,272,0,0,0,0,0,0,0,1,0,0,0,0,0,0,0,0,1,0,0,0,0,0,0
2016_04_HBH_T2,2016_04_HBH,HBH,Nanwan,"""201604",0,12,0,117,0,15,0,0,5,24,0,0,0,0,0,3,0,0,22,0,0,0,0,10,0,0,42,0,0,0,5,1,0,0,0,0,0,10,8,3,93,0,0,0,0,1,3,44,0,0,2,0,0,0,0,23,0,0,0,0,0,0,0,0,0,0,20,0,0,0,0,0,0,0,0,0,0,0,0,0,0,0,3,0,0,0,0,0,0,2,0,0,17,17,5,68,16,0,0,67,0,1,0,0,0,0,0,9,26,248,3,0,2,1,0,0,0,0,0,0,0,0,0,0,0,1,0,0,0,0,0,0,0
2016_04_HBH_T3,2016_04_HBH,HBH,Nanwan,"""201604",0,0,0,61,4,25,34,0,0,19,0,0,0,8,0,0,0,0,71,0,0,0,0,4,0,0,4,0,0,0,0,6,0,23,0,0,0,10,1,0,23,0,0,0,0,0,1,29,0,0,0,0,0,0,0,23,0,0,0,0,0,0,0,0,0,0,19,0,0,0,0,0,0,0,0,0,0,0,0,0,1,0,25,0,5,0,0,0,0,0,0,0,7,6,3,0,3,0,1,45,0,1,0,0,0,0,0,7,12,443,0,7,1,0,0,0,0,1,0,0,0,0,0,0,0,0,0,0,0,0,0,0,0
2016_04_HBH_T4,2016_04_HBH,HBH,Nanwan,"""201604",0,1,0,27,0,0,2,0,0,9,0,0,0,0,0,0,0,0,67,0,0,0,0,19,0,0,7,0,0,0,7,6,0,0,0,0,0,10,0,0,85,0,0,0,0,0,8,7,0,0,0,0,0,0,3,5,0,0,0,0,0,0,0,0,0,0,4,0,0,0,0,0,0,0,0,0,0,0,0,0,0,0,0,0,0,0,0,0,0,0,0,0,4,2,37,280,0,0,0,30,4,5,0,0,0,0,0,19,2,290,1,0,0,0,0,0,0,0,0,0,0,0,0,0,0,0,0,0,0,0,0,0,0
2016_04_HBH_T5,2016_04_HBH,HBH,Nanwan,"""201604",0,0,0,6,101,12,6,0,2,55,0,0,0,0,0,0,0,0,13,0,0,0,0,8,0,0,19,0,4,0,5,15,0,7,0,0,0,4,0,0,63,0,0,0,0,9,5,30,0,0,0,0,0,0,0,14,0,0,0,0,0,0,0,0,0,0,14,0,0,17,0,0,0,0,0,0,0,0,0,0,0,0,177,0,0,0,0,0,0,0,0,0,1,62,17,49,3,0,0,47,0,0,0,0,0,0,0,2,15,171,10,0,0,0,0,0,0,13,0,0,0,0,0,0,0,0,0,0,0,0,0,0,0
2016_04_HW_T1,2016_04_HW,HW,West,"""201604",0,15,0,5,0,0,0,0,2,0,0,0,0,0,0,0,0,0,8,0,0,0,0,9,0,0,21,13,0,0,2,0,0,1,0,0,0,11,0,0,104,8,0,0,0,10,6,185,0,0,1,0,10,0,3,62,4,1,6,0,1,0,0,0,0,0,1,0,0,0,0,0,0,0,0,0,0,0,0,0,1,0,2,0,0,0,7,1,0,0,91,0,1,0,6,0,2,0,0,71,0,0,0,0,0,12,0,0,82,165,0,0,0,0,0,0,0,6,0,0,0,0,0,0,0,0,1,0,0,0,0,0,1
2016_04_HW_T2,2016_04_HW,HW,West,"""201604",0,7,0,0,0,0,0,0,9,0,0,0,0,0,0,0,0,0,5,0,0,0,5,11,0,0,10,8,0,0,1,1,0,0,0,0,0,7,5,1,48,13,0,0,1,0,27,86,0,0,1,0,0,0,0,13,0,0,0,0,0,0,0,0,0,0,0,0,0,0,0,0,0,0,0,0,0,0,0,0,0,0,4,0,0,0,2,0,0,0,62,0,0,0,0,0,0,0,1,43,0,101,0,0,0,0,0,1,25,434,5,0,0,0,0,0,0,11,0,0,0,0,0,0,0,0,0,0,0,0,0,0,0
2016_04_HW_T3,2016_04_HW,HW,West,"""201604",0,15,0,0,0,0,0,0,4,0,0,0,0,0,0,0,0,0,2,0,0,2,9,28,0,0,14,10,0,2,11,7,0,1,0,5,0,16,0,0,211,1,0,0,0,11,18,96,1,0,3,0,0,0,0,53,0,0,0,0,0,0,0,0,0,0,31,0,0,0,0,0,0,0,0,0,0,0,0,0,0,0,2,0,0,0,6,0,0,0,64,0,0,0,7,0,11,0,0,31,0,4,1,0,0,0,0,1,1,253,2,0,0,0,0,0,0,7,0,0,0,0,1,0,0,0,1,0,0,0,0,0,0
2016_04_HW_T4,2016_04_HW,HW,West,"""201604",0,2,0,9,0,0,0,0,8,0,0,0,0,0,0,0,0,2,8,0,0,0,30,25,0,0,23,7,0,0,1,0,0,0,0,9,0,2,11,0,75,6,0,0,0,8,24,133,0,0,0,0,0,0,1,30,0,0,0,0,0,0,0,0,0,0,0,0,0,0,0,0,0,0,0,0,0,0,0,0,0,0,0,0,2,0,21,0,0,0,106,0,3,0,5,3,0,0,0,57,0,7,1,1,0,0,0,0,14,163,0,0,0,0,0,0,0,2,0,0,0,0,0,0,0,0,0,0,0,0,0,0,0
2016_04_HW_T5,2016_04_HW,HW,West,"""201604",0,3,0,7,0,0,0,0,7,0,0,0,0,0,0,1,0,0,7,0,0,0,18,37,0,0,28,10,0,0,0,20,0,7,0,0,0,5,5,0,46,6,0,0,0,9,19,270,0,0,2,0,0,0,3,15,0,0,1,0,0,0,0,0,0,0,2,0,0,0,0,0,0,0,0,0,0,0,0,0,0,0,18,0,0,0,27,0,0,0,13,0,0,0,0,1,0,0,0,84,0,2,0,0,0,0,0,0,7,167,0,0,1,0,0,0,0,1,0,0,0,0,0,0,0,0,1,0,0,0,0,0,0
2016_04_JLS_T1,2016_04_JLS,JLS,East,"""201604",0,4,0,1,0,0,53,0,6,0,0,0,0,0,0,0,0,0,0,0,0,0,0,5,0,0,8,0,0,0,4,0,0,5,0,0,0,0,23,0,3,1,0,0,0,0,0,3,0,0,0,0,0,0,0,0,0,0,0,0,0,0,0,0,0,0,0,0,0,0,0,0,0,0,0,0,0,0,0,0,0,0,0,0,0,0,0,0,0,10,0,0,5,0,2,15,0,0,0,128,0,163,1,0,0,8,0,41,232,184,1,0,0,0,0,1,0,0,0,0,0,0,0,0,0,0,1,0,0,0,0,0,0
2016_04_JLS_T2,2016_04_JLS,JLS,East,"""201604",0,7,0,0,0,0,0,0,3,0,0,0,0,0,0,0,0,0,0,0,0,0,15,0,0,0,17,0,0,0,0,0,0,1,0,0,0,0,10,0,2,0,0,0,0,0,0,0,0,0,0,0,0,0,0,0,0,0,0,0,0,0,0,0,0,0,0,0,0,0,0,0,0,0,0,0,0,0,0,0,0,0,0,0,0,0,0,0,0,6,14,0,3,0,3,7,0,0,1,37,0,320,15,0,0,0,0,0,260,191,2,0,1,0,0,6,0,0,0,0,0,0,0,0,0,0,0,0,0,0,0,0,0
2016_04_JLS_T3,2016_04_JLS,JLS,East,"""201604",0,0,0,1,0,0,0,0,0,0,0,0,0,0,0,0,0,0,0,0,0,0,12,0,0,0,3,0,0,0,0,0,0,0,0,0,0,0,8,0,14,0,0,0,0,0,1,6,0,0,0,0,0,0,0,0,0,0,0,0,0,0,0,0,0,0,0,0,0,0,0,0,0,0,0,0,0,0,0,0,0,0,0,0,0,0,0,0,0,0,2,0,5,0,0,15,0,0,2,124,0,381,15,0,0,0,0,7,120,268,0,0,0,0,0,0,0,0,0,0,0,0,0,0,0,0,0,0,0,0,0,0,0
2016_04_JLS_T4,2016_04_JLS,JLS,East,"""201604",0,1,0,0,0,0,0,0,2,0,0,6,0,0,0,0,0,0,0,0,0,0,5,7,0,0,2,0,0,0,0,0,0,0,0,0,0,0,5,0,0,0,0,0,0,11,0,0,0,0,0,0,0,0,0,0,0,0,0,0,0,0,0,0,0,0,0,0,0,0,0,0,0,0,0,0,0,0,0,0,0,0,0,0,0,0,0,0,0,3,22,0,0,0,0,3,0,0,0,54,0,526,6,0,0,0,0,4,92,255,0,0,0,0,0,5,0,0,0,0,0,0,0,0,0,0,0,0,0,0,0,0,0
2016_04_JLS_T5,2016_04_JLS,JLS,East,"""201604",0,0,0,0,0,0,24,0,3,0,1,0,0,0,0,8,1,0,3,0,0,0,1,11,0,0,27,1,0,0,0,0,0,0,0,0,0,0,8,0,43,0,0,0,0,1,1,33,0,0,0,0,0,0,0,0,0,0,0,0,0,0,0,0,0,0,0,0,0,0,0,0,0,0,0,0,0,0,0,0,0,0,0,0,1,0,0,0,0,5,113,0,0,0,0,3,0,0,0,65,0,295,1,0,0,0,0,9,69,204,0,0,0,0,0,0,0,1,0,0,0,0,0,0,0,0,0,0,0,0,0,0,0
2016_04_LDS_T1,2016_04_LDS,LDS,Nanwan,"""201604",0,1,0,2,0,0,2,0,24,0,0,0,0,0,0,0,4,0,0,0,0,0,9,14,0,5,16,7,7,0,2,0,0,24,0,0,4,0,1,8,73,0,0,0,1,0,14,5,0,0,0,0,0,0,0,7,0,0,0,0,0,0,0,0,0,0,0,0,0,11,4,0,0,0,7,0,4,0,0,0,8,0,2,0,0,0,0,0,0,0,3,12,47,0,20,70,9,0,0,146,0,48,41,0,0,7,0,35,179,113,0,0,0,0,0,0,0,0,0,0,0,0,0,0,0,2,1,0,0,0,0,1,0
2016_04_LDS_T2,2016_04_LDS,LDS,Nanwan,"""201604",0,1,0,16,0,0,107,0,13,0,0,0,0,0,0,1,0,0,3,0,0,0,8,8,0,0,40,4,0,2,0,0,0,1,0,0,0,6,15,0,51,0,0,0,0,0,20,15,0,0,0,0,0,0,0,0,0,0,0,0,0,0,0,0,0,0,4,0,0,0,0,0,0,0,0,0,0,0,0,0,5,0,6,0,5,0,0,0,0,0,5,0,30,0,0,42,7,0,0,92,0,109,16,0,0,0,0,2,78,268,1,0,4,0,0,0,0,3,0,0,0,0,0,0,0,0,1,0,0,0,0,0,0
2016_04_LDS_T3,2016_04_LDS,LDS,Nanwan,"""201604",0,0,0,1,0,0,32,0,3,0,0,3,0,0,0,0,2,0,0,0,0,0,0,2,0,0,36,1,0,0,0,0,0,9,0,0,0,0,2,3,18,0,0,0,0,0,17,32,0,0,0,0,0,0,0,0,0,0,0,0,0,0,0,0,0,0,8,0,0,0,0,0,0,0,0,0,0,0,0,0,0,0,0,0,1,0,0,0,0,3,4,0,49,0,21,166,4,0,0,52,0,90,36,0,0,0,0,14,72,296,0,1,0,0,0,0,0,9,0,0,0,0,0,0,0,0,0,0,0,0,0,0,0
2016_04_LDS_T4,2016_04_LDS,LDS,Nanwan,"""201604",0,0,0,0,0,0,10,0,1,0,0,0,0,0,0,0,0,0,0,0,0,0,0,16,0,0,24,0,1,0,1,0,0,0,0,0,0,0,7,0,5,0,0,0,0,0,9,23,0,0,0,0,0,0,0,0,0,0,0,0,0,0,0,0,0,0,0,0,0,0,0,0,0,0,0,0,0,0,0,0,0,0,0,0,6,0,0,0,0,3,1,0,9,0,0,17,4,0,0,88,0,180,123,0,0,0,0,8,52,392,1,0,12,0,0,0,0,2,0,0,0,0,0,0,0,0,0,0,0,0,0,0,0
2016_04_LDS_T5,2016_04_LDS,LDS,Nanwan,"""201604",0,0,0,16,0,0,0,0,0,0,0,0,0,0,0,2,0,0,1,0,0,0,13,20,0,0,21,5,0,0,5,0,0,2,0,0,0,2,0,0,20,0,0,0,0,0,11,44,0,0,0,0,0,0,0,0,0,0,0,0,0,0,0,0,0,0,0,0,0,0,0,0,0,0,0,0,0,0,0,0,0,0,1,0,0,0,0,0,0,3,0,0,0,0,21,38,0,0,0,71,0,61,59,0,0,0,0,27,184,347,1,0,5,0,0,0,0,5,0,0,0,0,0,0,0,0,1,0,0,0,0,0,0
2016_04_LK_T1,2016_04_LK,LK,East,"""201604",0,1,0,0,0,0,1,0,10,0,0,0,0,0,0,4,0,0,11,0,0,0,0,20,0,0,46,0,3,0,0,0,0,16,0,0,0,0,27,3,2,0,0,0,0,0,11,9,0,0,2,0,0,0,0,0,0,0,0,0,0,0,0,0,0,0,0,0,1,0,0,0,0,0,0,0,0,0,0,0,1,0,0,0,0,0,0,0,0,0,33,0,9,0,1,24,1,0,0,203,0,62,21,0,1,31,0,79,113,149,0,0,3,0,0,4,0,2,0,0,0,0,0,0,0,0,0,0,0,0,0,0,0
2016_04_LK_T2,2016_04_LK,LK,East,"""201604",0,2,0,0,0,0,0,0,28,0,0,0,0,0,0,0,0,0,0,0,0,0,2,19,0,0,80,0,2,1,1,0,0,32,0,0,0,0,11,0,0,0,0,0,0,0,37,6,0,0,0,0,0,0,0,0,0,0,0,0,0,0,0,0,0,0,0,0,0,0,0,0,0,0,0,0,0,0,0,0,0,0,0,0,0,0,0,0,0,0,80,0,1,0,0,83,2,0,0,153,0,64,0,0,0,0,0,5,251,19,2,0,10,0,0,0,0,22,0,0,0,0,0,0,0,0,0,0,0,0,0,0,0
2016_04_LK_T3,2016_04_LK,LK,East,"""201604",0,0,0,0,0,0,0,0,25,0,0,0,0,0,0,0,1,0,0,0,0,0,18,20,0,0,15,0,0,0,0,0,0,3,0,0,0,0,29,0,6,0,0,0,0,0,19,3,0,0,1,0,0,0,0,0,0,0,0,0,0,0,0,0,0,0,0,0,0,0,0,0,0,0,0,0,0,0,0,0,0,0,0,0,0,0,0,0,0,0,73,0,21,0,6,112,0,0,1,169,0,15,1,0,0,0,0,3,130,236,0,0,2,0,0,0,0,13,0,0,0,0,0,0,0,0,0,0,0,0,0,0,0
2016_04_LK_T4,2016_04_LK,LK,East,"""201604",0,0,0,0,0,0,0,0,7,0,0,0,0,0,0,12,0,0,5,0,0,0,3,14,0,0,36,0,0,0,1,0,0,13,0,0,0,0,75,0,2,0,0,0,0,0,36,5,0,0,0,0,0,0,0,0,0,0,0,0,0,0,0,0,0,0,0,0,0,0,0,0,0,0,0,0,0,0,0,0,0,0,0,0,4,0,0,0,0,0,89,0,0,0,0,39,0,0,0,129,0,68,8,1,0,0,0,6,43,362,1,0,0,0,0,0,5,5,0,0,0,0,0,0,0,0,0,0,0,0,0,0,0
2016_04_LK_T5,2016_04_LK,LK,East,"""201604",0,2,0,0,0,0,0,0,7,0,0,0,0,0,0,6,0,0,0,0,0,0,18,18,0,0,90,0,0,0,3,0,0,9,0,0,0,0,30,0,11,0,0,0,0,0,37,2,0,0,0,0,0,0,0,0,0,0,0,0,0,0,0,0,0,0,0,0,0,0,0,0,0,0,0,0,0,0,0,0,0,0,0,0,0,0,0,0,0,0,3,0,0,0,1,11,8,0,0,206,0,87,9,0,0,15,0,30,56,277,0,0,0,0,0,0,0,1,0,0,0,0,0,0,0,2,0,0,0,0,0,0,0
2016_04_OUT_T1,2016_04_OUT,OUT,Nanwan,"""201604",0,12,2,26,0,0,3,0,6,3,7,1,0,0,0,42,0,0,0,0,0,0,11,11,0,0,45,24,0,0,0,0,0,3,0,0,0,3,0,0,38,0,0,0,0,0,15,10,0,0,0,0,0,0,0,6,0,0,0,0,0,0,0,0,7,0,6,0,1,3,20,0,0,0,0,0,0,0,0,0,0,0,0,0,13,0,0,0,0,0,0,0,2,0,7,54,0,0,0,174,0,28,19,0,4,0,0,13,146,170,0,4,0,0,0,0,0,0,0,0,0,0,0,0,0,0,0,0,0,0,0,0,0
2016_04_OUT_T2,2016_04_OUT,OUT,Nanwan,"""201604",0,2,0,4,0,0,18,0,5,6,18,1,0,0,0,11,0,0,0,0,0,0,2,26,0,0,30,39,6,6,0,0,0,0,0,0,0,5,4,0,63,5,0,0,8,1,27,37,0,0,0,0,0,0,0,6,0,0,0,0,0,0,0,0,0,0,4,0,0,0,0,0,0,0,0,0,0,0,0,0,0,0,0,0,0,0,0,0,0,0,0,0,3,0,3,22,0,0,0,133,0,46,5,0,0,2,0,5,218,99,0,9,2,0,0,0,0,0,0,0,0,0,0,0,0,0,0,0,0,0,0,0,0
2016_04_OUT_T3,2016_04_OUT,OUT,Nanwan,"""201604",0,2,0,14,0,0,42,0,7,0,0,2,0,0,0,0,1,0,1,0,0,0,9,3,0,0,74,38,3,0,0,0,0,22,0,0,4,0,6,2,25,2,0,0,0,2,2,35,0,0,0,0,0,0,0,55,0,0,0,0,0,0,0,0,0,0,0,0,0,0,0,0,0,0,0,0,0,0,0,0,0,0,0,0,25,0,1,0,0,0,3,0,62,0,3,13,6,0,0,88,0,57,2,0,0,0,0,8,44,107,0,5,14,0,0,0,0,0,0,0,0,0,0,0,0,0,0,0,0,0,0,0,0
2016_04_OUT_T4,2016_04_OUT,OUT,Nanwan,"""201604",0,4,0,6,0,0,26,0,19,3,6,0,0,0,0,0,0,0,0,0,0,0,0,6,0,0,18,91,2,0,0,0,0,33,0,0,2,7,1,0,30,0,0,0,0,0,16,4,0,0,0,0,0,0,0,180,0,0,0,0,0,0,0,0,0,0,0,0,0,0,0,0,0,0,0,0,0,0,0,0,44,0,0,0,16,0,0,0,0,0,2,0,0,0,0,39,5,0,0,119,0,78,55,0,0,0,0,7,38,107,0,0,0,0,0,0,0,0,0,0,0,0,0,0,0,0,0,0,0,0,0,0,0
2016_04_OUT_T5,2016_04_OUT,OUT,Nanwan,"""201604",0,0,0,9,0,0,49,0,15,0,41,0,0,0,0,40,8,0,0,0,0,0,5,9,0,0,61,64,3,0,4,0,0,22,0,0,0,3,0,0,77,0,0,0,0,1,22,14,0,0,4,0,0,0,0,61,0,0,0,0,0,0,0,0,0,0,3,0,0,0,0,0,0,0,0,0,0,0,0,0,14,0,16,0,0,0,0,0,0,0,2,0,14,0,14,62,21,0,0,39,0,35,5,0,0,0,0,0,7,120,0,0,0,0,0,0,0,2,0,0,0,0,0,0,0,0,2,0,0,0,0,0,0
2016_04_SJW_T1,2016_04_SJW,SJW,Nanwan,"""201604",0,4,0,0,0,0,0,0,0,0,1,0,0,0,0,0,0,0,0,0,0,0,0,0,0,0,0,0,0,0,0,0,0,0,0,0,0,0,0,0,0,0,0,0,0,0,0,0,0,0,2,0,0,0,0,0,0,0,0,0,0,0,0,0,0,0,0,0,0,0,0,0,0,0,0,0,0,0,0,0,0,0,0,0,0,0,0,0,0,0,59,0,0,0,0,0,0,0,0,106,0,298,1,0,0,0,0,10,2,478,0,0,0,0,0,0,0,13,0,0,1,0,0,0,0,0,1,0,0,0,0,0,0
2016_04_SJW_T2,2016_04_SJW,SJW,Nanwan,"""201604",0,4,0,0,0,0,0,0,3,14,0,0,0,0,0,9,0,0,0,0,0,0,1,4,0,0,27,24,0,7,0,0,0,0,0,0,0,0,4,0,187,0,0,0,0,0,4,83,0,0,0,0,0,0,0,56,0,0,0,0,0,0,0,0,0,0,0,0,0,37,0,0,0,0,0,0,0,0,0,0,0,0,0,0,0,0,13,0,0,0,50,0,0,0,0,1,12,0,0,51,0,16,3,0,0,0,0,7,75,311,0,3,0,0,0,0,0,0,0,0,0,0,0,0,0,0,0,0,0,0,0,0,0
2016_04_SJW_T3,2016_04_SJW,SJW,Nanwan,"""201604",0,1,0,2,0,0,0,0,19,15,0,0,0,0,0,0,1,0,0,0,0,0,0,10,0,0,18,9,1,0,0,0,0,3,0,0,0,2,1,0,329,1,0,0,3,0,0,20,0,0,0,0,0,0,0,56,0,0,0,0,0,0,0,0,0,0,0,0,0,0,0,0,0,0,0,0,0,0,0,0,0,0,0,0,0,0,37,0,0,0,4,0,1,0,0,4,4,0,0,40,0,1,0,0,0,0,0,22,5,396,0,0,0,0,0,1,0,2,0,0,0,0,0,0,0,0,0,0,0,0,0,0,0
2016_04_SJW_T4,2016_04_SJW,SJW,Nanwan,"""201604",0,0,0,0,0,1,0,0,22,1,0,0,0,0,0,0,0,0,1,0,0,0,0,20,0,0,12,3,5,0,0,0,0,8,0,0,0,0,1,0,303,0,0,0,4,2,0,9,0,0,2,0,0,0,0,26,0,0,0,0,0,0,0,0,0,0,0,0,0,0,0,0,0,0,0,0,0,0,0,0,0,0,0,0,0,0,0,0,0,0,3,0,0,0,0,1,38,0,0,102,0,17,8,0,0,0,0,14,27,321,5,0,0,0,0,0,0,2,0,0,0,0,0,0,0,0,0,0,0,0,0,0,0
2016_04_SJW_T5,2016_04_SJW,SJW,Nanwan,"""201604",0,0,0,0,0,0,0,0,22,0,0,0,0,0,0,3,0,0,0,0,0,0,1,16,0,0,18,6,0,0,0,3,0,25,0,0,0,0,0,0,409,0,0,0,0,0,6,8,0,0,0,0,0,0,0,27,0,0,0,0,0,0,0,0,0,0,0,0,0,0,0,0,0,0,0,0,0,0,0,0,0,0,0,0,13,0,19,0,0,0,4,0,1,0,0,0,0,0,1,151,0,6,1,0,0,0,0,8,55,155,3,0,0,0,0,0,0,0,0,0,0,0,0,0,0,0,0,0,0,0,0,0,0
2016_04_TS_T1,2016_04_TS,TS,Nanwan,"""201604",0,14,0,39,0,1,25,0,18,0,3,1,0,0,0,0,1,0,1,1,0,0,5,2,0,0,5,1,0,0,2,0,0,1,0,0,0,0,0,0,70,0,0,0,1,0,0,16,0,0,5,0,0,0,0,1,0,0,0,0,0,0,1,0,0,0,3,0,0,0,0,0,0,0,0,0,0,0,0,0,0,0,1,0,10,0,24,0,0,0,2,0,3,0,7,18,0,0,0,54,0,10,233,0,0,1,0,24,29,245,3,0,0,0,0,0,0,3,0,0,0,0,0,0,0,0,0,0,0,0,0,0,0
2016_04_TS_T2,2016_04_TS,TS,Nanwan,"""201604",0,2,0,28,1,0,3,0,13,1,19,0,0,0,0,0,0,0,4,0,0,0,4,28,0,0,36,2,0,0,3,0,0,0,0,0,1,0,5,1,136,0,0,0,0,1,5,57,0,0,3,0,0,0,0,20,0,0,0,0,0,0,0,0,0,0,0,0,0,0,0,0,0,0,0,0,0,0,0,0,0,0,0,0,0,0,85,0,0,0,1,0,0,0,3,11,0,0,0,30,0,10,37,0,0,0,0,2,47,273,19,0,8,0,0,0,0,1,0,0,0,0,0,0,0,0,0,0,0,0,0,0,0
2016_04_TS_T3,2016_04_TS,TS,Nanwan,"""201604",0,0,0,35,3,0,34,0,9,1,10,0,0,0,0,0,2,0,4,1,0,0,0,20,0,0,6,0,0,0,1,0,0,0,0,0,0,2,1,0,82,0,0,0,0,22,7,14,0,0,0,1,0,0,0,0,0,0,0,0,0,0,0,0,0,0,0,0,0,0,0,0,0,0,0,0,0,0,0,0,2,0,4,0,0,0,120,0,0,0,1,0,10,0,13,15,0,0,0,4,0,7,97,0,0,0,0,0,7,335,11,0,1,0,0,0,0,1,0,0,0,0,0,0,0,2,0,0,0,0,0,0,0
2016_04_TS_T4,2016_04_TS,TS,Nanwan,"""201604",0,3,0,21,32,0,28,0,1,0,32,0,0,0,0,3,4,0,0,0,0,0,3,12,0,0,25,1,0,2,10,0,0,1,0,0,0,0,4,0,158,0,0,0,0,0,12,21,0,0,0,0,0,0,0,19,0,0,0,0,0,0,0,0,0,0,0,0,0,0,0,0,0,0,0,0,0,0,0,0,0,0,1,0,0,0,122,0,0,2,0,0,17,0,23,12,0,0,0,7,0,1,38,0,0,0,0,0,2,275,8,0,1,0,0,0,0,3,0,0,0,0,0,0,0,0,2,0,0,0,0,0,0
2016_04_TS_T5,2016_04_TS,TS,Nanwan,"""201604",0,3,0,25,53,0,31,1,8,0,38,5,0,0,0,0,1,0,0,1,0,0,0,3,0,1,25,8,3,0,2,8,0,0,0,0,0,1,2,0,174,0,0,0,0,3,5,24,0,0,5,0,0,0,0,2,0,0,0,3,0,7,0,0,0,0,5,1,0,0,0,0,0,0,0,0,0,0,0,0,0,0,0,0,0,0,251,0,0,5,0,0,0,0,12,3,0,0,1,44,0,1,0,0,0,1,0,3,14,164,6,0,1,0,0,0,0,4,0,0,0,0,0,0,0,0,1,0,0,0,1,0,0
2016_04_WLT_T1,2016_04_WLT,WLT,West,"""201604",0,18,0,2,0,0,5,0,8,2,0,0,0,0,0,0,0,0,10,0,1,0,5,3,0,0,10,0,0,0,0,0,0,1,0,0,0,2,2,0,29,0,0,0,0,0,11,14,0,0,0,0,0,0,0,20,0,0,0,0,0,2,0,0,0,0,1,0,0,0,0,0,0,0,0,0,0,0,0,0,0,0,18,0,0,0,0,0,0,0,49,0,0,0,0,0,0,0,0,57,0,64,2,0,0,0,0,18,21,505,0,0,0,0,0,0,0,3,0,0,0,0,0,0,0,0,0,0,0,0,0,0,0
2016_04_WLT_T2,2016_04_WLT,WLT,West,"""201604",0,6,0,0,0,0,0,0,9,1,0,0,0,0,0,0,0,0,8,0,0,0,6,2,0,0,5,0,2,0,0,0,0,5,0,0,0,1,5,0,20,0,0,0,0,0,6,5,0,0,12,0,0,0,0,3,0,0,0,15,0,0,0,0,0,0,0,0,0,5,0,1,0,0,0,0,0,0,0,0,2,0,16,0,0,0,0,0,0,0,46,0,1,0,1,0,0,0,0,79,0,26,0,0,0,1,0,4,96,506,0,0,1,0,0,0,0,8,0,0,0,0,0,0,0,0,0,0,0,0,1,0,0
2016_04_WLT_T3,2016_04_WLT,WLT,West,"""201604",0,2,0,0,0,0,2,0,9,7,0,0,0,0,0,0,0,7,13,0,0,0,2,3,0,0,5,0,0,0,0,6,0,0,0,0,0,2,8,0,38,0,0,0,0,0,3,16,0,0,0,0,0,0,0,0,0,0,0,0,0,4,0,0,0,0,0,0,0,0,0,0,0,0,0,0,0,0,0,0,0,0,90,0,0,0,0,0,0,0,16,0,0,0,1,4,0,0,0,28,0,13,1,0,0,0,0,4,6,564,0,0,0,0,0,0,0,3,0,0,0,0,0,0,0,0,0,0,0,0,0,0,0
2016_04_WLT_T4,2016_04_WLT,WLT,West,"""201604",0,1,0,24,0,0,0,0,26,0,0,0,0,0,0,1,0,0,1,0,0,0,8,16,0,0,6,0,0,0,5,0,0,0,0,0,0,0,5,0,24,1,0,0,0,0,7,38,0,0,1,0,0,0,0,0,0,0,0,0,0,0,0,0,0,0,0,0,0,0,0,0,0,0,0,0,0,0,0,0,0,0,20,0,0,0,7,0,0,0,13,0,0,0,0,2,0,0,0,43,0,37,2,0,0,0,0,1,11,632,10,0,3,0,0,0,0,4,0,0,0,0,0,0,0,0,0,0,0,0,0,0,0
2016_04_WLT_T5,2016_04_WLT,WLT,West,"""201604",0,0,0,7,0,0,0,0,26,10,0,0,0,0,0,0,0,0,0,0,0,0,5,7,0,0,2,0,0,0,3,3,0,0,0,0,0,0,0,0,102,0,0,0,0,1,2,25,0,0,3,0,0,0,0,9,0,0,0,0,0,0,0,0,0,0,0,0,0,0,0,0,0,0,0,0,0,0,0,0,0,0,0,0,0,0,10,0,0,0,57,0,0,0,0,2,1,0,0,17,0,40,2,0,0,0,0,0,16,605,10,0,0,0,0,1,0,9,0,0,0,0,0,0,0,0,0,0,0,0,0,0,0
2016_09_DBS_T1,2016_09_DBS,DBS,West,"""201609",0,0,0,4,0,0,0,0,2,4,0,0,0,0,0,0,0,0,2,0,0,0,6,5,0,0,9,22,0,0,0,6,0,2,0,0,0,0,0,0,217,0,0,0,0,0,1,82,0,0,0,0,0,0,0,5,0,0,0,0,0,0,0,0,0,0,0,0,0,0,0,0,0,0,0,0,0,0,0,0,8,0,1,0,0,0,0,0,0,0,15,0,0,0,0,163,12,0,0,73,0,1,0,0,0,0,0,42,2,242,0,0,3,0,1,0,0,0,0,0,0,0,0,0,0,0,0,0,0,0,0,0,0
2016_09_DBS_T2,2016_09_DBS,DBS,West,"""201609",0,1,0,6,0,0,8,0,0,1,0,0,0,0,0,8,0,0,34,0,0,0,0,0,0,0,8,22,0,0,0,0,0,2,0,0,0,0,0,0,193,0,0,0,0,0,14,41,0,0,0,0,0,0,0,9,0,0,0,0,0,0,0,0,0,0,0,0,0,0,0,0,0,0,0,0,0,0,0,0,0,0,0,0,0,0,0,0,0,0,18,0,5,0,0,97,0,0,0,49,0,0,0,0,0,0,0,40,9,366,0,0,0,5,0,0,0,1,0,0,0,0,0,0,0,0,0,0,0,0,0,0,0
2016_09_DBS_T3,2016_09_DBS,DBS,West,"""201609",0,0,0,3,0,0,0,0,13,0,0,0,0,0,0,1,0,0,0,0,0,0,0,1,0,0,9,14,6,0,0,0,0,28,0,0,0,0,2,0,169,0,0,0,0,0,9,52,0,0,1,0,0,0,0,2,0,0,0,0,0,0,0,0,0,0,0,0,0,0,0,0,0,0,0,0,0,0,0,0,3,0,0,0,26,0,0,0,0,0,38,0,9,0,0,50,13,0,0,47,0,0,0,0,0,0,0,13,9,355,2,0,0,0,0,0,0,0,0,0,0,0,0,0,0,1,0,0,0,0,0,0,0
2016_09_DBS_T4,2016_09_DBS,DBS,West,"""201609",0,2,0,66,0,0,0,0,0,0,0,0,0,0,0,0,0,0,5,0,0,0,3,7,0,0,11,13,0,0,0,0,0,2,0,0,0,0,0,0,60,0,0,0,0,0,20,28,0,0,0,0,0,0,0,49,0,0,0,0,0,0,0,0,0,0,1,0,0,0,0,0,0,0,0,0,0,0,0,0,0,0,71,0,0,0,0,0,0,0,24,0,0,0,0,21,14,0,0,103,0,4,0,0,0,0,0,26,41,347,0,0,0,0,0,0,0,5,0,0,0,0,0,0,0,0,0,0,0,0,0,0,0
2016_09_DBS_T5,2016_09_DBS,DBS,West,"""201609",0,0,0,88,0,0,0,0,0,4,0,0,0,0,0,0,1,0,0,0,0,0,0,2,0,0,3,16,0,0,0,0,0,0,0,0,0,0,0,0,172,0,0,0,0,0,3,10,0,0,0,0,0,0,0,58,0,0,0,0,0,0,0,0,0,0,0,0,0,0,0,0,0,0,0,0,0,0,0,0,0,0,10,0,0,0,0,0,0,0,35,0,0,0,0,25,1,0,0,78,0,0,0,0,0,0,0,17,3,379,0,0,0,0,0,0,0,2,0,0,0,0,0,0,0,0,0,0,0,0,0,0,0
2016_09_HBH_T1,2016_09_HBH,HBH,Nanwan,"""201609",0,17,0,87,0,0,9,0,5,0,0,0,0,0,0,0,1,0,58,0,0,0,0,1,0,0,22,1,0,0,0,0,0,12,0,0,0,0,0,0,129,0,0,0,0,2,7,3,0,0,0,0,0,0,0,0,0,0,0,0,0,0,0,0,11,0,0,0,0,5,0,0,0,0,0,0,0,0,0,0,24,0,75,0,1,0,4,0,0,9,0,0,6,0,0,79,0,0,1,58,0,0,0,0,0,0,0,5,1,237,0,0,1,0,0,0,0,2,0,0,0,0,0,0,0,0,0,0,0,0,0,0,0
2016_09_HBH_T2,2016_09_HBH,HBH,Nanwan,"""201609",0,5,0,2,0,0,0,0,0,0,0,0,0,0,0,0,0,0,0,4,0,0,0,2,0,6,33,4,6,0,0,0,0,10,0,0,1,0,0,0,78,2,0,0,0,0,2,12,0,0,1,0,0,0,0,9,0,0,0,0,0,0,0,0,0,0,0,0,0,8,0,0,0,0,0,0,0,0,6,0,20,0,0,0,0,0,0,0,0,0,1,0,8,1,16,103,0,0,0,24,0,0,0,0,0,0,0,13,0,328,0,0,5,0,0,0,0,1,0,0,0,0,0,0,0,0,0,0,0,0,0,0,0
2016_09_HBH_T3,2016_09_HBH,HBH,Nanwan,"""201609",0,0,0,8,2,0,29,0,10,10,0,0,0,0,0,0,0,0,109,0,0,0,0,3,0,0,13,0,2,0,0,0,0,5,0,3,0,8,0,0,111,0,0,0,0,0,7,22,0,0,0,0,0,0,0,0,0,0,0,0,0,0,0,0,0,0,2,0,0,0,0,0,0,0,0,0,0,0,0,0,0,0,1,0,0,0,0,0,0,0,3,0,0,0,1,121,0,0,0,30,0,0,0,0,0,0,0,0,0,299,4,0,1,0,8,0,0,2,0,0,0,0,0,0,0,0,0,0,0,0,0,0,0
2016_09_HBH_T4,2016_09_HBH,HBH,Nanwan,"""201609",0,0,0,51,0,0,0,0,3,15,0,0,0,25,0,0,0,0,81,0,0,0,0,11,0,0,13,5,4,0,0,3,0,0,0,19,0,0,8,0,67,0,0,0,0,0,8,26,0,0,36,0,0,0,0,8,0,0,0,0,0,0,0,0,0,0,0,0,0,14,0,8,0,0,0,0,0,0,0,0,4,0,35,0,0,0,0,0,0,0,0,0,0,15,36,16,8,0,0,40,0,0,0,0,0,0,0,5,0,282,0,0,0,0,0,0,0,0,0,0,0,0,0,0,0,0,0,0,0,0,0,0,0
2016_09_HBH_T5,2016_09_HBH,HBH,Nanwan,"""201609",0,0,0,6,101,12,6,0,2,55,0,0,0,0,0,0,0,0,13,0,0,0,0,8,0,0,19,0,4,0,5,15,0,7,0,0,0,4,0,0,63,0,0,0,0,9,5,30,0,0,0,0,0,0,0,14,0,0,0,0,0,0,0,0,0,0,14,0,0,17,0,0,0,0,0,0,0,0,0,0,0,0,177,0,0,0,0,0,0,0,0,0,1,62,17,49,3,0,0,47,0,0,0,0,0,0,0,2,15,171,10,0,0,0,0,0,0,13,0,0,0,0,0,0,0,0,0,0,0,0,0,0,0
2016_09_HW_T1,2016_09_HW,HW,West,"""201609",0,11,0,14,1,0,0,0,10,0,0,0,0,0,0,0,0,0,0,0,0,0,1,27,0,0,16,7,0,2,5,2,0,9,0,0,0,6,0,0,90,4,0,0,0,6,20,214,0,0,0,0,0,0,0,10,0,0,4,0,0,0,0,0,0,0,1,0,0,0,0,0,0,0,0,0,0,0,0,0,6,0,56,0,1,0,29,0,0,0,111,0,0,0,0,1,0,0,0,103,0,0,0,0,0,0,0,3,0,65,0,0,0,0,0,0,0,4,0,0,0,0,0,0,0,0,1,0,0,0,0,0,0
2016_09_HW_T2,2016_09_HW,HW,West,"""201609",0,24,0,1,0,0,0,0,2,0,0,2,0,0,0,0,0,0,1,0,1,0,0,4,0,0,14,18,0,0,9,4,0,0,0,0,0,12,2,0,139,5,0,0,2,8,2,144,0,0,0,0,0,1,0,31,0,0,0,0,0,3,0,0,0,0,0,0,0,0,0,0,0,0,0,0,0,0,0,0,0,0,19,0,0,0,10,0,0,0,71,0,1,0,1,0,0,0,0,45,0,0,0,0,0,0,0,0,0,258,2,0,0,0,0,0,0,4,0,0,0,0,0,0,0,0,0,0,0,0,0,0,0
2016_09_HW_T3,2016_09_HW,HW,West,"""201609",0,36,0,3,0,0,0,0,3,0,0,0,0,0,0,0,1,0,0,0,0,0,0,18,0,0,8,5,0,0,0,5,0,0,0,5,0,3,7,0,78,2,0,0,3,13,17,259,0,0,0,0,0,0,0,35,0,0,4,0,0,4,0,0,0,0,0,0,0,0,0,0,0,0,0,0,0,0,0,0,0,0,0,0,0,0,8,0,0,0,49,0,3,0,1,0,0,0,0,112,0,0,0,0,0,0,0,0,0,197,1,0,1,0,0,0,0,6,0,0,0,0,0,0,0,0,0,0,0,0,0,0,0
2016_09_HW_T4,2016_09_HW,HW,West,"""201609",0,11,0,0,0,0,0,0,1,0,0,0,0,0,0,0,0,0,0,0,0,0,5,22,0,0,4,10,0,0,1,5,0,2,0,0,0,12,0,0,32,15,0,0,0,2,25,147,0,0,0,0,0,0,0,17,0,1,0,0,0,0,0,0,0,0,0,0,0,0,0,0,0,0,0,0,0,0,0,0,0,0,5,0,1,0,0,0,0,0,16,0,0,0,1,0,0,0,0,127,0,0,0,0,0,0,0,0,0,447,12,0,0,0,0,0,0,7,0,0,0,0,0,0,0,0,0,0,0,0,0,0,0
2016_09_HW_T5,2016_09_HW,HW,West,"""201609",0,3,0,0,0,0,0,0,14,0,3,1,0,0,0,0,2,0,7,0,0,0,12,13,0,0,12,1,0,0,2,0,0,0,0,4,0,2,0,0,40,0,0,0,0,2,21,270,0,0,0,0,0,0,0,16,0,1,0,0,0,0,0,0,0,0,0,0,0,0,0,0,0,0,0,0,0,0,0,0,0,0,6,0,8,0,7,0,0,0,217,0,0,0,0,0,0,0,0,56,0,0,0,0,0,0,0,0,0,134,1,0,0,0,0,0,0,3,0,0,0,0,0,0,0,0,0,0,0,0,0,0,0
2016_09_LDS_T1,2016_09_LDS,LDS,Nanwan,"""201609",0,0,0,0,0,0,0,0,0,0,0,0,0,0,0,0,0,0,0,0,0,0,0,0,0,0,16,0,0,0,0,0,0,0,0,0,0,0,0,0,9,0,0,0,0,0,3,2,0,0,0,0,0,0,0,0,0,0,0,0,0,0,0,0,0,0,0,0,0,0,0,0,0,0,0,0,0,0,0,0,0,0,0,0,2,0,0,0,0,0,0,0,177,0,55,250,0,0,4,28,0,0,0,0,0,0,0,3,9,473,0,0,0,0,0,0,0,0,0,0,0,0,0,0,0,0,0,0,0,0,0,0,0
2016_09_LDS_T2,2016_09_LDS,LDS,Nanwan,"""201609",0,0,0,0,0,0,0,0,0,0,0,0,0,0,0,0,0,0,0,0,0,0,0,1,0,0,6,0,0,0,0,0,0,0,0,0,0,4,0,0,3,0,0,0,0,0,18,6,0,0,0,0,0,0,0,0,0,0,0,0,0,0,0,0,0,0,5,0,0,0,0,0,0,0,0,0,0,0,0,0,5,0,0,0,1,0,0,0,0,5,0,0,114,0,32,172,0,0,1,69,0,1,0,0,0,0,0,0,0,490,0,0,0,0,0,0,0,3,0,0,0,0,0,0,0,0,0,0,0,0,0,0,0
2016_09_LDS_T3,2016_09_LDS,LDS,Nanwan,"""201609",0,0,0,0,0,0,19,0,0,0,0,0,0,0,0,0,0,0,0,0,0,0,0,5,0,0,7,0,2,0,0,0,0,0,0,0,0,1,0,0,7,0,0,0,0,0,9,3,0,0,2,0,0,0,0,0,0,0,0,0,0,0,0,0,0,0,0,0,0,0,0,0,0,0,0,0,0,0,0,0,0,0,0,0,0,0,0,0,0,4,0,0,46,0,29,98,0,0,0,66,0,0,0,0,0,0,0,0,0,479,1,0,0,0,0,0,0,0,0,0,0,0,0,0,0,0,0,0,0,0,0,0,0
2016_09_LDS_T4,2016_09_LDS,LDS,Nanwan,"""201609",0,2,0,1,0,0,5,0,0,0,0,0,0,0,0,0,0,0,0,0,0,0,0,10,0,0,31,0,0,0,0,0,0,11,0,0,5,0,0,0,22,0,0,0,0,0,9,0,0,0,0,0,0,0,0,0,0,0,0,0,0,0,0,0,0,0,0,0,0,0,0,0,0,0,0,0,0,0,0,0,0,0,0,0,15,0,0,0,0,0,3,0,9,0,5,111,11,0,0,91,0,0,0,0,0,0,0,3,2,406,0,0,0,0,0,0,0,0,0,0,0,0,0,0,0,0,0,0,0,0,0,0,0
2016_09_LDS_T5,2016_09_LDS,LDS,Nanwan,"""201609",0,0,0,0,0,0,0,0,0,0,0,0,0,0,0,3,0,0,0,0,0,0,1,0,0,0,9,1,3,0,1,0,0,0,0,0,0,0,0,0,56,0,0,0,0,0,2,0,0,0,0,0,0,0,0,0,0,0,0,0,0,0,0,0,0,0,0,0,0,6,0,0,0,0,0,0,0,0,0,0,14,0,0,0,0,0,0,0,0,0,0,0,6,0,2,4,0,0,0,20,0,0,0,0,0,0,0,0,1,828,1,0,1,0,0,0,0,0,0,0,0,0,0,0,0,0,0,0,0,0,0,0,0
2016_09_OUT_T1,2016_09_OUT,OUT,Nanwan,"""201609",0,9,0,4,0,0,0,0,9,0,0,0,0,0,0,12,3,0,0,0,0,0,0,12,0,0,106,17,2,0,5,0,0,3,0,0,0,0,6,0,195,0,0,0,0,4,18,5,0,0,0,0,0,0,0,10,0,0,0,0,0,0,0,0,0,0,11,0,0,0,0,0,0,0,0,0,0,0,0,0,5,0,0,0,55,0,0,0,0,0,4,0,0,0,0,9,10,0,0,54,0,1,0,0,0,0,0,7,15,256,0,0,0,0,0,0,0,0,0,0,0,0,0,0,0,0,0,0,0,2,0,0,0
2016_09_OUT_T2,2016_09_OUT,OUT,Nanwan,"""201609",0,2,0,1,0,0,62,0,5,0,0,0,0,0,0,0,0,0,0,0,0,0,3,26,0,0,44,92,39,0,3,0,0,15,0,0,0,0,2,0,99,0,0,0,0,44,9,0,0,0,0,0,0,0,0,3,0,0,0,0,0,0,0,0,0,0,0,0,0,6,0,11,0,0,0,0,0,0,0,0,22,0,0,0,0,0,7,0,0,0,1,0,0,0,0,1,14,0,0,56,0,2,0,0,0,0,0,23,24,253,1,0,8,0,0,0,0,0,0,0,0,0,0,0,0,0,0,0,0,0,0,0,0
2016_09_OUT_T3,2016_09_OUT,OUT,Nanwan,"""201609",0,1,0,0,1,0,182,0,3,0,0,0,0,0,0,0,0,0,0,0,0,1,0,36,0,0,70,57,10,0,2,0,0,6,0,0,0,5,0,0,68,0,0,0,0,5,43,12,0,0,0,0,0,0,0,30,0,0,0,0,0,0,0,0,0,0,0,0,0,0,0,0,0,0,0,0,0,0,0,0,1,0,17,0,6,0,0,0,0,0,5,0,0,0,0,0,0,0,0,77,0,0,0,0,0,0,0,40,36,212,0,0,0,0,0,0,0,1,0,0,0,0,0,0,0,0,0,0,0,0,0,0,0
2016_09_OUT_T4,2016_09_OUT,OUT,Nanwan,"""201609",0,1,0,2,0,0,0,0,5,3,2,0,0,0,0,0,0,0,0,0,0,0,9,10,0,0,56,29,16,0,0,0,0,13,0,0,0,0,0,0,214,0,0,0,0,9,0,7,0,0,0,0,0,0,0,0,0,0,0,0,0,0,0,0,0,0,4,0,0,0,0,0,0,0,0,0,0,0,0,0,16,0,0,0,0,0,10,0,0,0,6,0,0,0,0,7,0,0,0,77,0,2,0,0,0,0,0,36,154,174,1,0,0,0,0,0,0,0,0,0,0,0,0,0,0,0,0,0,0,0,0,0,0
2016_09_OUT_T5,2016_09_OUT,OUT,Nanwan,"""201609",0,2,0,4,48,0,41,0,6,0,0,0,0,0,0,0,0,0,0,0,0,0,2,26,0,0,22,48,7,0,1,0,0,3,0,0,0,0,2,0,189,0,0,0,0,7,8,0,0,0,0,0,0,0,0,54,0,0,0,0,0,0,0,0,0,0,0,0,0,0,0,0,0,12,0,0,0,0,0,0,14,0,3,0,0,0,0,0,0,0,1,0,0,0,0,3,0,0,0,26,0,0,0,0,0,0,0,9,99,290,0,0,0,0,0,0,0,0,0,0,0,0,0,0,0,0,0,0,0,0,0,0,0
2016_09_SJW_T1,2016_09_SJW,SJW,Nanwan,"""201609",0,3,0,1,0,0,0,0,14,0,0,0,0,0,0,0,4,0,0,0,0,0,0,3,0,0,43,22,0,0,0,0,0,0,0,0,0,0,0,0,202,0,0,0,1,0,12,33,0,0,0,0,0,0,0,0,0,0,0,0,0,0,0,0,0,0,2,0,0,7,0,0,0,0,0,0,0,0,0,0,13,0,0,0,3,0,29,0,0,0,56,0,0,0,0,1,0,0,0,98,0,9,0,0,0,0,0,7,0,234,0,0,0,0,0,0,0,1,0,0,0,0,0,0,0,0,0,0,0,0,0,0,0
2016_09_SJW_T2,2016_09_SJW,SJW,Nanwan,"""201609",0,0,0,0,0,0,0,0,3,0,0,0,0,0,0,10,0,0,17,0,0,0,10,12,0,0,24,5,4,0,2,0,0,2,0,0,0,0,0,0,259,0,0,0,0,0,1,29,0,0,0,0,0,0,0,1,0,0,0,0,0,0,0,0,0,0,3,0,0,0,0,0,0,0,0,0,0,0,0,0,0,0,0,0,12,0,6,0,0,0,4,0,3,0,0,1,0,0,0,52,0,0,0,0,0,0,0,11,0,300,0,0,0,0,0,0,0,3,0,0,0,0,0,0,0,0,0,0,0,0,0,0,0
2016_09_SJW_T3,2016_09_SJW,SJW,Nanwan,"""201609",0,0,0,0,0,0,0,0,34,0,0,0,0,0,0,0,1,0,0,0,0,0,11,1,0,0,14,7,0,1,7,0,0,1,0,0,0,0,0,0,397,0,0,0,0,0,0,109,0,0,0,0,0,0,0,0,0,0,0,0,0,0,0,0,0,0,0,0,0,0,0,0,0,0,0,0,0,0,0,0,2,0,0,0,0,0,2,0,0,0,0,0,0,0,2,1,14,0,0,17,0,0,0,0,0,0,0,6,0,279,1,0,0,0,0,0,0,0,0,0,0,0,0,0,0,0,0,0,0,0,0,0,0
2016_09_SJW_T4,2016_09_SJW,SJW,Nanwan,"""201609",0,3,0,0,0,0,0,0,9,0,0,0,0,32,0,0,43,0,2,0,0,0,1,9,0,0,7,6,0,0,0,0,0,4,0,0,0,0,0,0,195,0,0,0,0,0,9,5,0,0,0,0,0,0,0,0,0,0,0,0,0,0,0,0,0,0,0,0,0,0,0,0,0,0,0,0,0,0,0,0,0,0,0,0,0,0,54,0,0,0,21,0,0,0,0,0,0,0,0,61,0,4,0,0,0,0,0,0,1,298,0,0,0,0,0,0,0,1,0,0,0,0,0,0,0,0,0,0,0,0,0,0,0
2016_09_SJW_T5,2016_09_SJW,SJW,Nanwan,"""201609",0,0,0,14,0,0,0,0,6,0,0,0,0,0,0,0,31,0,10,0,0,0,1,10,0,0,21,7,0,0,0,0,0,0,0,0,0,0,4,1,240,0,0,0,0,0,3,21,0,0,0,0,0,0,0,0,0,0,0,0,0,0,0,0,0,0,0,0,0,0,0,0,0,0,0,0,0,0,0,0,3,0,0,0,1,0,35,0,0,0,16,0,0,0,0,0,1,0,0,58,0,2,0,0,0,0,0,11,0,253,10,0,0,0,0,0,0,1,0,0,0,0,0,0,0,0,0,0,0,0,0,0,0
2016_09_TS_T1,2016_09_TS,TS,Nanwan,"""201609",0,14,0,7,0,0,9,0,8,0,4,0,0,0,0,0,3,0,55,0,0,1,3,21,0,0,37,2,0,0,0,0,0,1,0,0,0,2,1,0,104,0,0,0,0,0,11,23,0,0,15,0,0,0,0,2,0,0,0,0,0,0,0,0,0,0,0,0,0,0,0,0,0,0,0,0,0,0,0,0,4,0,5,0,8,0,40,0,0,0,0,0,0,0,17,0,0,0,2,75,0,2,0,0,0,0,0,8,2,208,5,0,4,0,0,0,0,4,0,0,0,0,0,0,0,0,0,0,0,0,0,0,0
2016_09_TS_T2,2016_09_TS,TS,Nanwan,"""201609",0,8,0,8,0,0,7,0,1,0,6,0,0,0,0,0,22,0,0,0,0,0,10,10,0,0,24,2,0,0,0,0,0,1,0,0,0,0,2,4,88,0,0,0,7,0,11,30,0,0,1,0,0,0,0,0,0,0,0,0,0,0,0,0,0,0,0,0,0,0,0,0,0,0,0,0,0,0,0,0,0,0,0,0,4,0,83,0,0,0,0,0,13,0,6,18,0,0,0,46,0,7,0,0,0,0,0,6,0,317,8,0,0,0,0,0,0,1,0,0,0,0,0,0,0,0,0,0,0,0,0,0,0
2016_09_TS_T3,2016_09_TS,TS,Nanwan,"""201609",0,1,0,8,0,0,33,0,9,0,2,0,0,0,0,0,12,0,1,3,0,0,5,25,0,0,27,7,0,0,0,7,0,0,0,3,0,2,0,0,125,0,0,0,2,1,11,35,0,0,1,0,0,0,0,1,0,0,0,0,0,0,0,0,0,0,0,0,0,0,0,0,0,0,0,0,0,0,0,0,0,0,0,0,1,0,47,0,0,0,5,0,0,0,13,3,0,0,0,50,0,0,0,0,0,0,0,4,2,265,9,0,0,0,0,0,0,1,0,0,0,0,0,0,0,1,0,0,0,0,0,0,0
2016_09_TS_T4,2016_09_TS,TS,Nanwan,"""201609",0,5,0,8,0,0,7,0,2,0,1,0,0,0,0,0,7,0,1,0,0,0,0,3,0,0,21,0,0,0,1,0,0,4,0,0,1,1,3,0,110,0,0,0,0,0,5,3,0,0,3,0,0,0,0,0,0,0,0,0,0,0,0,0,0,0,0,0,0,0,0,0,0,0,0,9,0,0,0,0,0,0,6,0,0,0,0,0,0,0,0,0,7,0,5,6,0,0,0,63,0,0,0,0,0,0,0,8,0,264,1,0,0,0,0,0,0,6,0,0,0,0,0,0,0,0,0,0,0,0,0,0,0
2016_09_TS_T5,2016_09_TS,TS,Nanwan,"""201609",0,4,0,2,0,0,4,0,0,0,3,0,0,0,0,0,6,0,11,0,0,0,4,15,0,0,6,1,0,0,0,0,0,0,0,0,0,0,5,0,89,0,0,0,0,0,8,7,0,0,0,0,0,0,0,1,0,0,0,0,0,25,0,0,0,0,0,0,0,0,0,0,0,0,0,0,0,0,0,0,0,0,0,0,5,0,64,0,0,0,11,0,4,0,0,1,0,0,0,46,0,1,0,0,0,0,0,10,1,328,4,0,2,0,0,0,0,2,0,0,0,0,0,0,0,0,0,0,0,0,0,0,0
2016_09_WLT_T1,2016_09_WLT,WLT,West,"""201609",0,3,0,0,0,0,0,0,22,0,0,0,0,0,0,0,0,0,0,0,0,0,2,4,0,0,10,0,0,0,0,0,0,0,0,0,0,0,0,0,77,0,0,0,0,0,5,13,0,0,0,0,0,0,0,0,0,0,0,0,0,0,0,0,0,0,0,0,0,0,0,0,0,0,0,0,0,0,0,0,1,0,2,0,0,0,0,0,0,0,13,0,0,0,1,3,0,0,0,35,0,0,0,0,0,0,0,3,226,550,0,0,0,0,0,0,0,8,0,0,0,0,0,0,0,0,0,0,0,0,0,0,0
2016_09_WLT_T2,2016_09_WLT,WLT,West,"""201609",0,6,0,0,0,0,0,0,6,1,0,0,0,0,0,1,0,0,2,0,0,0,10,6,0,0,30,2,0,0,0,3,0,0,0,0,0,4,0,2,44,2,0,0,0,1,2,27,0,0,1,0,0,0,0,27,0,0,0,0,0,0,0,0,0,0,0,0,0,0,0,0,0,0,0,0,0,0,0,0,0,0,3,0,0,0,28,0,0,0,67,0,0,0,0,1,0,0,0,20,0,0,0,0,0,0,0,8,96,547,0,0,1,2,0,0,0,14,0,0,0,0,0,0,0,0,0,0,0,0,0,0,0
2016_09_WLT_T3,2016_09_WLT,WLT,West,"""201609",0,0,0,0,0,0,0,0,4,0,0,0,0,0,0,0,5,0,2,0,0,0,8,7,0,0,21,3,0,0,0,0,0,4,0,0,0,0,0,0,40,0,0,0,0,0,10,17,0,0,31,0,0,0,0,0,0,0,0,0,0,0,0,0,0,0,0,0,0,0,0,0,0,0,0,0,0,0,0,0,0,0,175,0,0,0,0,0,0,0,58,0,4,0,0,3,0,0,0,35,0,7,0,0,0,0,0,10,0,485,0,0,0,0,0,0,0,8,0,0,0,0,0,0,0,1,0,0,0,0,0,0,0
2016_09_WLT_T4,2016_09_WLT,WLT,West,"""201609",0,2,0,1,0,0,0,0,18,1,0,0,0,0,0,0,4,0,8,0,0,0,8,19,0,0,10,1,0,0,2,1,0,2,0,0,0,0,1,0,22,2,0,0,0,2,3,26,0,0,0,0,0,0,0,0,0,0,0,0,0,0,0,0,0,0,0,0,0,0,0,0,0,0,0,0,0,0,0,0,0,0,35,0,3,0,0,0,0,0,66,0,0,0,0,3,4,0,0,61,0,12,0,0,0,0,0,8,0,603,0,0,0,0,0,0,0,6,0,0,0,0,0,0,0,0,0,0,0,0,0,0,0
2016_09_WLT_T5,2016_09_WLT,WLT,West,"""201609",0,4,0,2,0,0,3,0,6,0,0,0,0,0,0,2,0,0,7,0,0,0,6,3,0,0,1,0,0,0,1,2,0,0,0,0,0,0,0,0,78,0,0,0,0,0,3,39,0,0,10,0,0,0,0,0,0,0,0,0,0,0,0,0,0,0,0,0,0,0,0,0,0,0,0,0,0,0,0,0,0,0,4,0,0,0,0,0,0,0,31,0,0,0,0,0,0,0,0,13,0,6,0,0,0,0,0,23,15,607,12,0,0,0,0,0,0,2,0,0,0,0,0,0,0,0,0,0,0,0,0,0,0
2016_10_HBH_T1,2016_10_HBH,HBH,Nanwan,"""201610",0,2,0,6,1,0,4,0,16,7,0,0,0,0,0,0,0,0,0,2,0,0,0,0,0,59,5,0,0,0,0,9,0,1,0,1,0,0,4,0,51,0,0,0,0,0,0,7,0,0,0,0,0,0,0,4,0,0,0,0,0,0,0,0,0,0,0,0,0,12,0,0,0,0,0,0,0,3,0,0,0,0,31,0,0,0,0,0,0,2,0,0,9,0,8,4,0,0,0,71,0,0,0,0,0,0,0,5,5,412,2,0,1,0,0,0,0,2,0,0,0,0,0,0,0,0,0,0,0,0,0,0,0
2016_10_HBH_T2,2016_10_HBH,HBH,Nanwan,"""201610",0,1,0,95,0,65,0,0,3,34,0,0,0,9,0,0,0,0,44,0,0,0,0,0,0,0,28,0,0,0,0,0,0,5,2,0,0,3,0,0,63,0,0,0,0,0,6,29,0,0,0,0,0,0,0,24,0,0,0,0,0,0,0,0,3,0,3,0,0,0,0,31,0,0,0,0,0,0,0,0,0,0,35,0,5,0,9,0,0,4,0,0,0,0,0,35,0,0,0,80,0,0,0,0,0,0,0,4,13,201,0,0,2,0,0,0,0,3,0,0,0,0,0,0,0,0,0,0,0,0,0,0,0
2016_10_HBH_T3,2016_10_HBH,HBH,Nanwan,"""201610",0,5,0,34,0,32,4,0,2,39,0,0,0,7,0,0,0,0,165,0,0,0,0,11,0,0,27,0,0,0,0,2,0,1,0,0,0,6,0,0,41,0,0,0,5,0,0,7,0,0,0,0,0,0,0,7,0,0,0,0,0,0,0,0,0,0,6,0,0,0,0,0,0,0,0,0,0,0,0,0,0,0,61,0,0,0,0,0,0,22,0,0,0,0,19,25,2,0,0,55,0,0,0,0,0,0,0,16,7,303,0,0,2,0,0,0,0,2,0,0,0,0,0,0,0,0,0,0,0,0,0,0,0
2016_10_HBH_T4,2016_10_HBH,HBH,Nanwan,"""201610",0,2,0,0,0,6,14,0,0,0,0,0,0,0,0,0,0,0,56,0,0,0,0,0,0,0,7,0,0,0,0,0,0,0,0,0,0,1,1,0,47,0,0,0,0,0,5,9,0,0,0,0,0,0,0,0,0,0,0,0,0,8,0,0,0,0,2,0,0,3,0,0,0,0,0,0,0,0,0,0,0,0,78,0,0,0,0,0,0,5,0,0,0,0,29,6,0,0,0,57,0,0,0,0,0,0,0,20,27,301,0,0,3,0,0,0,0,1,0,0,0,0,0,0,0,0,0,0,0,0,0,0,0
2016_10_HBH_T5,2016_10_HBH,HBH,Nanwan,"""201610",0,1,0,31,0,9,5,0,4,14,0,0,0,0,0,0,0,0,83,0,0,0,0,0,0,0,26,2,0,0,1,0,0,0,0,0,0,2,0,0,50,0,0,0,0,0,0,32,0,0,0,0,0,0,0,0,0,0,0,0,0,0,0,0,0,0,3,0,0,2,0,0,0,15,0,0,0,0,0,0,2,0,3,0,2,0,0,0,0,2,0,0,18,0,14,33,0,0,0,55,0,0,0,0,0,0,0,13,21,280,0,0,0,0,0,0,0,1,0,0,0,0,0,0,0,0,0,0,0,0,0,0,0
2016_10_LDS_T1,2016_10_LDS,LDS,Nanwan,"""201610",0,3,0,0,0,0,0,0,2,0,0,0,0,0,0,0,3,0,5,0,0,0,2,2,0,0,23,0,25,0,1,0,0,3,0,0,0,0,0,0,41,0,0,0,0,0,6,35,0,0,0,0,0,0,0,0,0,0,0,0,0,0,0,0,0,0,0,0,0,20,0,0,0,0,0,0,0,0,0,0,0,0,0,0,0,0,0,0,0,0,9,0,0,0,0,10,0,0,0,133,0,0,0,0,0,0,0,3,133,545,0,0,0,0,0,0,0,0,0,0,0,0,0,0,0,0,0,0,0,0,0,0,0
2016_10_LDS_T2,2016_10_LDS,LDS,Nanwan,"""201610",0,2,0,0,0,0,6,0,0,0,0,0,0,0,0,0,0,0,0,0,0,0,3,6,0,0,10,0,8,0,0,0,0,0,0,0,0,0,1,0,30,2,0,0,0,0,0,17,0,0,0,0,0,0,0,0,0,0,0,0,0,0,0,0,0,0,1,0,0,8,0,0,0,0,0,0,0,0,0,0,0,0,0,0,0,0,0,0,0,0,2,0,0,0,5,21,1,0,0,59,0,0,0,0,0,0,0,7,33,819,0,0,0,0,0,0,0,0,0,0,0,0,0,0,0,0,0,0,0,0,0,0,0
2016_10_LDS_T3,2016_10_LDS,LDS,Nanwan,"""201610",0,4,0,0,0,0,0,0,0,0,0,0,0,0,0,0,0,0,3,0,0,0,3,2,0,0,10,1,0,0,0,0,0,0,0,0,0,0,0,0,7,0,0,0,0,0,2,8,0,0,0,0,0,0,0,0,0,0,0,0,0,0,0,0,0,0,0,0,0,0,0,0,0,0,0,0,0,0,0,0,0,0,0,0,0,0,0,0,0,0,0,0,33,0,29,246,0,0,0,75,0,0,0,0,0,0,0,1,32,574,0,0,0,0,0,0,0,0,0,0,0,0,0,0,0,0,0,0,0,0,0,0,0
2016_10_LDS_T4,2016_10_LDS,LDS,Nanwan,"""201610",0,0,0,0,0,0,0,0,0,0,0,0,0,0,0,0,0,0,0,0,0,0,0,4,0,0,38,0,0,0,0,0,0,2,0,0,0,0,3,0,5,0,0,0,0,0,20,13,0,0,0,0,0,0,0,0,0,0,0,0,0,0,0,0,0,0,4,0,0,13,0,0,0,0,0,0,0,0,0,0,0,0,0,0,0,0,0,0,0,0,0,0,31,0,6,172,0,0,0,71,0,0,0,0,0,0,0,4,35,598,0,0,6,0,0,0,0,0,0,0,0,0,0,0,0,0,0,0,0,0,0,1,0
2016_10_LDS_T5,2016_10_LDS,LDS,Nanwan,"""201610",0,0,0,0,0,0,0,0,0,0,0,0,0,0,0,6,0,0,0,0,0,0,0,13,0,0,10,0,0,0,0,0,0,5,0,0,0,0,5,0,0,0,0,0,0,0,1,4,0,0,0,0,0,0,0,0,0,0,0,0,0,0,0,0,0,0,2,0,0,2,0,0,0,0,0,0,0,0,0,0,0,0,0,0,4,0,0,0,0,0,0,0,117,0,25,230,0,0,0,47,0,0,0,0,0,0,0,5,5,560,0,0,0,0,0,0,0,0,0,0,0,0,0,0,0,0,0,0,0,0,0,0,0
2016_10_OUT_T1,2016_10_OUT,OUT,Nanwan,"""201610",0,21,0,0,0,0,30,0,2,1,0,0,0,7,0,1,0,0,14,0,0,2,4,18,0,0,40,31,4,0,0,0,0,12,0,0,0,0,0,0,316,0,0,0,0,17,3,10,0,0,0,0,0,0,0,23,0,0,0,0,0,0,0,0,0,0,4,0,0,28,0,0,0,0,23,0,0,0,0,0,1,0,0,0,0,0,0,0,0,0,5,0,0,0,0,6,4,0,0,25,0,0,0,0,0,0,0,56,83,176,0,0,0,0,0,0,0,0,0,0,0,0,0,0,0,0,0,0,0,0,0,0,0
2016_10_OUT_T2,2016_10_OUT,OUT,Nanwan,"""201610",0,9,0,0,0,0,0,0,11,0,0,0,0,0,0,0,0,0,2,0,0,0,4,5,0,0,66,5,0,0,1,0,0,0,0,0,0,9,0,0,280,0,0,0,0,0,9,6,0,0,0,0,0,0,0,21,0,0,0,0,0,0,0,0,0,0,0,0,0,28,0,0,0,0,0,0,0,0,0,0,5,0,25,0,22,0,0,0,0,0,1,0,0,0,0,0,7,0,0,68,0,3,0,0,0,0,0,10,279,66,0,0,2,0,0,0,0,1,0,0,0,0,0,0,0,0,0,0,0,0,0,0,0
2016_10_OUT_T3,2016_10_OUT,OUT,Nanwan,"""201610",0,14,0,19,0,0,170,0,16,0,0,0,0,0,0,0,0,0,0,0,0,0,0,7,0,0,66,76,0,0,0,0,0,0,0,0,0,0,0,0,109,0,0,0,0,11,17,11,0,0,0,0,0,0,0,42,0,0,0,0,0,0,0,0,0,0,1,0,0,4,0,0,0,0,0,0,0,0,0,0,15,0,13,0,0,0,0,0,0,0,0,0,0,0,0,21,2,0,0,27,0,0,0,0,0,0,0,10,144,81,0,0,4,0,0,0,0,0,0,0,0,0,0,0,0,0,0,0,0,0,0,0,0
2016_10_OUT_T4,2016_10_OUT,OUT,Nanwan,"""201610",0,11,0,6,0,0,122,0,41,2,0,0,0,0,0,0,0,0,0,0,0,0,0,4,0,0,45,57,0,0,0,0,0,5,0,0,0,0,0,0,65,0,0,0,0,0,0,18,0,0,0,0,0,0,0,8,0,0,0,0,0,0,0,0,0,0,0,0,0,7,0,0,0,0,0,0,0,0,0,0,20,0,0,0,8,0,0,0,0,0,40,0,1,0,0,9,4,0,0,57,0,0,2,0,0,0,0,16,119,102,0,0,0,0,0,0,0,0,0,0,0,0,0,0,0,0,0,0,0,0,0,0,0
2016_10_OUT_T5,2016_10_OUT,OUT,Nanwan,"""201610",0,2,0,2,0,0,0,0,6,13,0,0,0,0,0,0,0,0,0,0,0,0,0,10,0,0,16,0,0,12,0,0,0,0,0,0,0,0,0,0,131,0,0,0,0,0,8,46,0,0,0,0,0,0,0,0,0,0,0,0,0,0,0,0,0,0,28,0,0,0,0,0,0,0,0,0,0,0,0,0,15,0,47,0,0,0,0,0,0,0,0,0,0,0,0,5,21,0,0,62,0,0,0,0,0,0,0,8,27,263,7,0,1,0,0,0,0,1,0,0,0,0,0,0,0,0,0,0,0,0,0,0,1
2016_10_SJW_T1,2016_10_SJW,SJW,Nanwan,"""201610",0,9,0,0,0,0,0,0,3,0,0,0,0,0,0,5,0,0,0,0,0,0,15,6,0,0,21,4,0,0,0,0,0,10,0,0,0,0,0,0,266,0,0,0,0,0,0,43,0,0,2,0,0,0,0,0,0,0,0,0,0,0,0,0,0,0,36,0,0,3,0,0,0,0,0,0,0,0,0,0,18,0,2,0,1,0,3,0,0,0,10,0,1,0,0,0,1,0,0,85,0,0,0,0,0,0,0,0,10,363,0,0,0,0,0,0,0,0,0,0,0,0,0,0,0,1,0,0,0,0,0,0,0
2016_10_SJW_T2,2016_10_SJW,SJW,Nanwan,"""201610",0,10,0,5,0,0,0,0,6,0,0,0,0,0,0,0,0,0,0,0,0,0,0,14,0,0,11,5,0,0,0,0,0,0,0,0,0,0,0,0,229,0,0,0,0,0,6,12,0,0,0,0,0,0,0,0,0,0,0,0,0,0,0,0,7,0,2,0,0,0,0,0,0,0,0,0,0,0,0,0,0,0,0,0,0,0,1,0,0,0,0,0,0,0,0,0,0,0,0,129,0,0,0,0,0,0,0,6,19,292,1,0,0,0,0,0,0,10,0,0,0,0,0,0,0,0,0,0,0,0,0,0,0
2016_10_SJW_T3,2016_10_SJW,SJW,Nanwan,"""201610",0,15,0,0,0,0,0,0,40,4,0,0,0,0,0,0,12,0,8,0,0,0,0,9,0,0,23,0,5,0,1,0,0,1,0,0,0,0,19,0,198,0,0,0,2,0,5,93,0,0,0,0,0,0,0,0,0,0,0,3,0,0,0,0,0,0,0,0,0,0,0,0,0,0,0,0,0,0,0,0,0,0,0,0,0,0,0,0,0,0,0,0,0,0,0,0,0,0,0,116,0,0,0,0,0,0,0,15,0,122,0,0,0,0,0,0,0,8,0,0,0,0,0,0,0,0,0,0,0,0,0,0,0
2016_10_SJW_T4,2016_10_SJW,SJW,Nanwan,"""201610",0,1,0,3,0,0,0,0,31,0,0,1,0,0,0,1,7,0,0,0,0,0,0,4,0,0,20,7,1,2,3,0,0,15,0,0,0,0,0,2,233,0,0,0,0,0,0,125,0,0,1,0,0,0,0,0,0,0,0,0,0,0,0,2,0,0,0,0,0,20,4,0,0,0,0,0,0,0,0,0,0,0,0,0,0,0,6,0,0,0,3,0,0,0,0,1,0,0,0,117,4,0,0,0,0,0,0,0,65,190,0,0,1,0,0,0,0,6,0,0,0,0,0,0,0,0,0,0,0,0,0,0,0
2016_10_SJW_T5,2016_10_SJW,SJW,Nanwan,"""201610",0,0,0,0,0,0,0,0,6,0,0,0,0,0,0,0,0,0,0,0,0,0,0,9,0,0,30,7,0,0,0,0,0,1,0,0,0,0,0,0,222,0,0,0,0,0,0,6,0,0,0,0,0,0,0,0,0,0,0,0,0,0,0,0,2,0,6,0,0,8,0,0,0,0,34,0,0,0,0,0,0,0,0,0,4,0,6,0,0,0,12,0,0,0,0,0,0,0,0,33,0,1,0,0,0,0,0,6,0,335,0,0,0,0,0,0,0,2,0,0,0,0,0,0,0,0,0,0,0,0,0,0,0
2016_10_TS_T1,2016_10_TS,TS,Nanwan,"""201610",0,26,0,8,0,0,12,0,2,0,0,0,0,0,0,2,3,0,9,0,0,0,0,3,0,0,14,0,0,0,0,0,0,2,0,0,0,0,3,0,78,0,0,0,3,0,5,21,0,0,0,0,0,0,0,0,0,0,0,4,0,0,0,0,7,0,4,0,0,2,0,0,0,0,0,0,0,0,0,0,1,0,0,0,1,0,56,0,0,0,4,0,1,0,7,3,0,0,0,59,0,0,0,0,0,0,0,3,0,582,6,0,1,0,0,0,0,0,0,0,0,0,0,0,0,0,0,0,0,0,0,0,0
2016_10_TS_T2,2016_10_TS,TS,Nanwan,"""201610",0,6,0,18,0,0,18,0,4,0,3,0,0,0,0,1,0,0,2,0,0,0,6,13,0,0,23,2,0,0,0,0,0,3,0,0,0,0,2,0,47,0,0,0,0,0,0,9,0,0,7,0,0,0,0,14,0,0,0,4,0,5,0,0,0,0,3,0,0,0,0,0,0,0,0,0,0,0,0,0,2,0,0,0,3,0,56,0,0,0,0,0,4,0,0,10,0,0,0,49,0,0,0,0,0,0,0,7,0,554,3,0,0,0,0,0,0,2,0,0,0,0,0,0,0,0,0,0,0,0,0,0,0
2016_10_TS_T3,2016_10_TS,TS,Nanwan,"""201610",0,5,0,8,0,0,4,0,8,2,1,0,0,0,0,0,4,0,10,0,0,0,5,22,0,0,15,1,0,1,1,0,0,1,0,0,0,0,0,0,47,2,0,0,2,0,2,15,0,0,0,0,0,0,0,14,0,0,0,0,0,7,0,0,0,0,19,0,0,0,0,0,0,0,0,0,0,0,0,0,8,0,2,0,0,0,73,0,0,0,0,0,0,0,7,3,0,0,0,67,0,0,0,0,0,0,0,16,0,411,6,0,0,0,0,0,0,9,0,0,0,0,0,0,0,0,0,0,0,0,0,0,0
2016_10_TS_T4,2016_10_TS,TS,Nanwan,"""201610",0,4,0,24,0,0,5,0,1,15,1,0,0,0,0,0,2,0,11,0,0,0,1,3,0,0,33,3,0,0,2,0,0,0,0,0,0,1,0,0,75,0,0,0,0,0,4,24,0,0,0,0,0,0,0,12,0,0,0,0,0,0,0,0,5,0,5,0,0,0,0,0,0,0,0,0,0,0,0,0,0,0,28,0,0,0,121,0,0,0,0,0,1,0,4,7,0,2,0,48,0,0,0,0,0,0,0,8,3,407,5,0,0,0,0,0,0,6,0,0,0,0,0,0,0,0,0,0,0,0,0,0,0
2016_10_TS_T5,2016_10_TS,TS,Nanwan,"""201610",0,15,0,31,0,0,31,0,0,1,11,0,0,0,0,0,0,0,4,0,0,0,2,28,0,0,38,4,0,0,6,0,0,0,0,0,0,0,3,0,76,0,0,0,1,3,15,33,0,0,0,0,0,0,0,7,0,0,0,0,0,0,0,0,10,0,3,0,1,0,0,0,0,0,0,0,0,0,0,0,0,0,1,0,0,0,8,0,0,0,0,0,3,0,18,1,0,0,8,87,0,0,0,0,0,0,0,9,0,418,4,0,0,0,0,0,0,12,0,0,0,0,0,0,0,0,0,0,0,0,0,0,0
2017_04_CFB_T1,2017_04_CFB,CFB,East,"""201704",0,0,0,0,0,0,0,0,0,0,0,0,0,0,0,0,0,0,0,0,0,0,0,0,0,0,0,0,0,0,0,0,0,0,0,0,0,0,0,0,0,0,0,0,0,0,0,0,0,0,0,0,0,0,0,0,0,0,0,0,0,0,0,0,0,0,0,0,0,0,0,0,0,0,0,0,0,0,0,0,0,0,0,0,0,0,0,0,0,0,21,0,0,0,1,0,0,0,0,51,0,174,2,0,0,2,0,9,0,707,0,0,0,0,0,0,0,15,0,0,0,0,0,0,0,0,0,0,0,0,0,0,0
2017_04_CFB_T2,2017_04_CFB,CFB,East,"""201704",0,1,0,0,0,0,0,0,0,0,2,0,0,0,0,0,0,0,0,0,0,0,0,0,0,0,0,0,0,0,0,0,0,0,0,0,0,0,0,0,0,0,0,0,0,0,0,0,0,0,0,0,0,0,0,0,0,0,0,0,0,0,0,0,0,0,0,0,0,0,0,0,0,0,0,0,0,0,0,0,0,0,0,0,0,0,0,0,0,0,66,0,0,0,1,0,0,0,0,115,0,99,6,0,0,1,0,3,57,635,0,0,0,0,0,0,0,2,0,0,0,0,0,0,0,0,0,0,0,0,0,0,0
2017_04_CFB_T3,2017_04_CFB,CFB,East,"""201704",0,4,0,0,0,0,0,0,0,0,6,0,0,0,0,0,0,0,1,0,0,0,0,0,0,0,0,0,0,0,0,0,0,0,0,0,0,0,0,0,0,0,0,0,0,0,0,0,0,0,0,0,0,0,0,0,0,0,0,0,0,0,0,0,0,0,0,0,0,0,0,0,0,0,0,0,0,0,0,0,0,0,0,0,0,0,0,0,0,0,58,0,0,0,0,0,0,0,0,105,0,99,1,0,0,1,0,1,20,687,0,0,0,0,0,0,0,0,0,0,0,0,0,0,0,0,0,0,0,0,0,0,0
2017_04_CFB_T4,2017_04_CFB,CFB,East,"""201704",0,0,0,0,0,0,0,0,0,0,0,0,0,0,0,0,0,0,0,0,0,0,0,0,0,0,0,0,0,0,0,0,0,0,0,0,0,0,0,0,0,0,0,0,0,0,0,0,0,0,0,0,0,0,0,0,0,0,0,0,0,0,0,0,0,0,0,0,0,0,0,0,0,0,0,0,0,0,0,0,0,0,0,0,0,0,0,0,0,0,26,0,0,0,0,0,0,0,0,42,0,29,5,0,0,7,0,18,5,832,0,0,0,0,0,0,0,0,0,0,0,0,0,0,0,0,0,0,0,0,0,0,0
2017_04_CFB_T5,2017_04_CFB,CFB,East,"""201704",0,1,0,0,0,0,0,0,0,0,0,1,0,0,0,0,0,0,0,0,0,0,0,0,0,0,0,0,0,0,0,0,0,0,0,0,0,0,0,0,0,0,0,0,0,0,0,0,0,0,0,0,0,0,0,0,0,0,0,0,0,0,0,0,0,0,0,0,0,0,0,0,0,0,0,0,0,0,0,0,0,0,0,0,0,0,0,0,0,0,64,0,0,0,0,1,0,0,0,62,0,93,2,0,0,2,0,5,12,683,0,0,0,0,0,0,0,0,0,0,0,0,0,0,0,0,0,0,0,0,0,0,0
2017_04_DBS_T1,2017_04_DBS,DBS,West,"""201704",0,0,0,2,0,0,2,0,0,0,0,0,0,0,0,0,0,0,0,0,3,0,0,1,0,0,0,2,0,4,0,0,0,19,0,0,0,0,3,0,165,0,0,0,0,0,0,9,0,0,4,0,0,0,0,96,0,0,0,0,0,0,0,0,0,0,0,0,0,25,0,3,0,0,12,0,0,0,0,0,8,0,43,0,0,0,0,0,0,0,12,0,0,0,0,6,14,0,0,64,0,18,0,0,0,18,0,21,46,352,0,0,1,0,0,0,0,3,0,0,0,0,0,0,0,0,0,0,0,0,0,0,0
2017_04_DBS_T2,2017_04_DBS,DBS,West,"""201704",0,7,0,37,0,0,7,0,0,4,0,0,0,0,0,0,0,0,0,0,0,0,0,0,0,0,3,11,0,1,1,0,0,0,0,0,0,0,0,0,70,0,0,0,0,0,6,20,0,0,0,0,0,0,0,144,0,0,0,0,0,0,0,0,0,0,24,0,0,13,0,0,0,0,0,0,0,0,0,0,33,0,0,0,13,0,0,0,0,0,38,0,0,0,0,28,30,0,0,102,0,20,16,0,0,3,0,5,15,236,3,0,0,0,0,0,0,4,0,0,0,0,0,0,0,0,0,0,0,0,0,0,0
2017_04_DBS_T3,2017_04_DBS,DBS,West,"""201704",0,10,0,12,0,0,6,0,0,7,0,0,0,0,0,0,0,0,6,0,0,0,0,3,0,0,2,21,0,0,0,0,0,1,0,0,0,0,0,0,109,0,0,0,0,0,0,10,0,0,0,0,0,0,0,140,0,0,0,0,0,0,0,0,0,0,10,0,0,0,0,0,0,0,0,0,0,0,0,0,12,0,1,0,0,0,6,0,0,0,14,0,0,0,0,18,7,0,0,89,0,34,9,0,0,0,0,5,33,282,0,16,0,0,0,0,0,6,0,0,0,0,0,0,0,0,0,0,0,0,0,0,0
2017_04_DBS_T4,2017_04_DBS,DBS,West,"""201704",0,2,0,11,0,0,2,0,0,6,0,0,0,1,0,0,0,0,6,0,0,0,17,4,0,0,17,8,8,0,0,1,0,6,0,0,10,0,2,0,153,0,0,0,0,4,7,18,0,0,0,0,0,0,0,13,0,0,0,0,0,0,0,0,0,0,6,0,0,6,0,4,0,0,0,0,0,0,0,0,15,0,1,0,0,0,0,0,0,0,14,0,0,0,0,106,0,0,0,43,0,39,13,0,0,0,0,1,32,326,0,0,0,0,0,0,0,2,0,0,0,0,0,0,0,0,0,0,0,0,0,0,0
2017_04_DBS_T5,2017_04_DBS,DBS,West,"""201704",0,6,0,9,0,0,0,0,4,15,0,0,0,0,0,0,0,0,0,0,0,0,0,0,0,0,14,36,0,0,0,0,0,0,0,0,0,0,0,0,310,0,0,0,0,0,2,42,0,0,0,0,0,0,0,19,0,0,4,0,0,0,0,0,0,0,5,0,0,0,0,0,0,0,0,0,0,0,0,0,7,0,23,0,0,0,0,0,0,0,6,0,0,0,0,3,0,0,0,39,0,54,7,0,0,0,0,11,32,270,0,0,0,0,0,0,0,0,0,0,0,0,0,0,0,0,0,0,0,0,0,0,0
2017_04_HBH_T1,2017_04_HBH,HBH,Nanwan,"""201704",0,5,0,22,5,0,15,0,0,8,0,0,0,0,0,0,0,0,0,0,0,0,1,0,0,62,8,0,0,0,10,0,0,7,0,0,0,0,3,0,43,0,0,0,0,0,5,15,2,0,0,0,0,0,0,2,0,0,0,0,0,0,0,0,0,0,2,0,0,1,7,0,0,0,0,0,0,0,0,0,4,0,146,0,0,0,0,0,0,0,0,0,5,19,11,42,0,0,0,75,0,43,11,0,0,0,0,7,33,193,19,0,1,0,0,0,0,6,0,0,0,0,0,0,0,0,0,0,0,0,0,0,0
2017_04_HBH_T2,2017_04_HBH,HBH,Nanwan,"""201704",0,10,0,5,0,31,0,0,0,26,0,0,0,5,0,0,0,0,94,0,0,0,0,4,0,0,9,0,1,13,0,20,0,2,1,0,0,5,6,0,33,0,0,0,19,0,2,20,0,0,0,0,0,0,0,25,0,0,0,0,0,0,0,0,0,0,13,0,0,0,0,0,0,0,0,0,0,0,0,0,3,0,22,0,2,0,32,0,0,12,2,0,8,0,42,70,0,0,2,109,0,11,1,0,0,0,0,4,47,209,2,0,1,0,0,0,0,1,0,0,0,0,0,0,0,0,0,0,0,0,0,0,0
2017_04_HBH_T3,2017_04_HBH,HBH,Nanwan,"""201704",0,1,0,24,0,6,0,0,0,24,0,0,0,0,0,0,0,0,52,0,0,0,0,4,0,0,5,0,3,0,0,8,0,2,0,0,0,8,0,0,22,0,0,0,0,0,11,52,0,0,0,0,0,0,0,31,0,0,0,0,0,0,0,0,0,0,5,0,0,7,0,0,0,0,0,0,0,0,0,0,0,0,82,0,1,0,0,0,0,5,0,0,28,0,0,13,7,0,0,72,0,80,3,3,0,0,0,4,13,258,0,0,1,0,0,0,0,0,0,0,0,0,0,0,0,0,0,0,0,0,0,0,0
2017_04_HBH_T4,2017_04_HBH,HBH,Nanwan,"""201704",0,16,0,4,0,27,13,0,0,5,0,0,0,0,0,0,2,0,63,0,0,0,0,2,0,0,9,1,5,0,13,0,0,0,0,0,0,13,8,0,114,0,0,0,11,0,0,6,0,0,0,0,0,0,0,7,0,0,0,0,0,0,0,0,0,0,3,0,0,2,0,10,0,0,0,0,0,0,0,0,12,0,50,0,1,0,0,0,0,0,1,0,9,0,96,36,3,0,0,67,0,36,2,0,0,0,0,1,35,203,0,0,3,0,0,0,0,0,0,0,0,0,0,0,0,0,0,0,0,0,0,0,0
2017_04_HBH_T5,2017_04_HBH,HBH,Nanwan,"""201704",0,6,0,18,0,15,0,2,7,56,0,0,0,1,0,0,0,0,49,0,0,0,0,0,0,0,44,4,0,0,0,4,0,9,0,0,1,0,5,0,65,0,0,0,0,0,2,14,0,0,0,0,0,0,0,5,0,0,0,0,0,0,0,0,0,0,10,0,0,4,0,0,0,0,0,0,0,0,0,0,0,0,54,0,0,0,0,0,16,0,0,0,7,24,10,27,0,0,1,63,0,11,0,0,0,0,0,1,16,192,1,0,0,0,0,0,0,0,0,0,0,0,0,0,0,0,0,0,0,0,0,0,0
2017_04_HW_T1,2017_04_HW,HW,West,"""201704",0,1,0,7,0,0,0,0,10,0,0,0,0,0,0,0,0,0,25,0,0,0,8,14,0,0,32,7,0,0,3,2,0,0,0,7,0,9,5,0,143,12,0,0,0,10,21,46,0,0,0,0,0,0,0,15,0,0,0,0,0,0,0,0,0,0,0,0,0,0,0,0,0,0,0,0,0,0,0,0,0,0,4,0,3,0,2,0,0,0,122,0,0,0,0,0,0,0,0,54,0,61,1,0,0,0,0,1,3,153,5,7,0,0,0,0,0,1,0,0,0,0,0,0,0,0,2,0,0,0,0,0,0
2017_04_HW_T2,2017_04_HW,HW,West,"""201704",2,0,0,0,0,0,0,0,1,0,0,0,0,0,0,0,0,0,6,0,0,0,2,5,0,0,13,5,0,0,2,1,0,0,0,0,0,3,10,0,122,1,0,0,3,2,11,63,0,0,0,0,0,0,0,4,0,1,0,0,0,0,0,0,0,0,0,0,0,0,0,0,0,0,0,0,0,0,0,0,0,0,1,0,0,0,2,0,0,0,12,0,0,0,4,4,0,0,0,5,0,292,0,0,0,0,0,1,0,263,0,0,2,0,0,0,0,4,0,0,0,0,0,0,0,0,1,0,0,0,0,0,0
2017_04_HW_T3,2017_04_HW,HW,West,"""201704",0,0,0,2,0,0,0,0,0,0,0,0,0,0,0,0,0,0,0,0,0,0,1,7,0,0,13,2,0,0,0,0,0,0,0,0,2,0,0,0,38,6,0,0,1,4,5,35,0,0,0,0,0,0,0,9,0,0,0,0,0,0,0,0,0,0,0,0,0,0,0,0,0,0,0,0,0,0,0,0,0,0,0,0,0,0,0,0,0,0,4,0,0,0,2,1,0,0,0,4,0,284,0,0,0,0,0,5,0,469,0,0,0,0,0,0,0,14,0,0,0,0,0,0,0,0,0,0,0,0,0,0,0
2017_04_HW_T4,2017_04_HW,HW,West,"""201704",0,7,0,12,0,0,0,0,6,0,0,0,0,0,0,0,0,0,13,0,0,0,9,21,0,0,24,12,0,0,3,0,0,0,0,0,0,4,8,0,192,4,0,0,6,6,16,131,0,0,0,0,0,0,0,15,0,0,0,0,0,0,0,0,0,0,31,0,0,0,0,0,0,0,0,0,0,0,0,0,0,0,0,0,0,0,7,0,0,0,37,0,3,0,3,0,0,0,0,22,0,14,0,0,0,0,0,1,1,297,0,0,0,1,0,0,0,2,0,0,0,0,0,0,0,0,0,0,0,0,0,0,0
2017_04_HW_T5,2017_04_HW,HW,West,"""201704",0,4,0,1,0,0,0,0,0,0,0,0,0,0,0,0,1,0,2,0,0,0,27,8,0,0,8,5,0,0,0,0,0,2,0,1,0,7,1,0,93,5,0,0,0,15,18,244,0,0,2,0,0,0,0,8,0,0,0,0,0,0,0,0,0,0,0,0,1,0,0,0,0,0,0,0,0,0,0,0,0,0,0,0,0,0,0,0,0,0,7,0,2,0,0,1,0,0,0,11,0,61,0,0,0,0,0,1,0,318,0,0,0,0,0,0,0,1,0,0,0,0,0,0,0,0,0,0,0,0,0,0,0
2017_04_JLS_T1,2017_04_JLS,JLS,East,"""201704",0,2,0,1,0,0,1,0,0,0,0,0,0,0,0,0,0,0,0,0,0,0,0,5,0,0,7,0,0,0,0,0,0,0,0,0,0,0,44,0,0,0,0,0,0,0,1,1,0,0,0,0,0,0,0,0,0,0,0,0,0,0,0,0,0,0,0,0,0,0,0,0,0,0,0,0,0,0,0,0,1,0,0,0,0,0,0,0,0,0,1,0,0,0,0,3,0,0,1,99,0,239,26,0,0,25,0,11,287,157,0,0,5,0,0,1,0,1,0,0,0,0,0,0,0,0,0,0,0,0,0,0,0
2017_04_JLS_T2,2017_04_JLS,JLS,East,"""201704",0,0,0,0,0,0,0,0,0,0,0,0,0,0,0,0,0,0,0,0,0,0,0,0,0,0,3,0,0,0,0,0,0,0,0,0,0,0,0,0,5,0,0,0,0,0,0,0,0,0,0,0,0,0,0,0,0,0,0,0,0,0,0,0,0,0,0,0,0,0,0,0,0,0,0,0,0,0,0,0,0,0,0,0,0,0,0,0,0,0,0,0,0,0,0,0,0,0,0,106,0,352,91,0,0,49,0,11,0,263,0,0,0,0,0,0,0,0,0,0,0,0,0,0,0,0,0,0,0,0,0,0,0
2017_04_JLS_T3,2017_04_JLS,JLS,East,"""201704",0,7,0,0,0,0,0,0,0,0,0,0,0,0,0,0,0,0,0,0,0,0,3,0,0,0,3,0,0,0,0,0,0,0,0,0,0,0,22,0,0,0,0,0,0,0,0,1,0,0,0,0,0,0,0,0,0,0,0,0,0,0,0,0,0,0,0,0,0,0,0,0,0,0,0,0,0,0,0,0,0,0,0,0,0,0,0,0,0,0,8,0,0,0,0,5,0,0,0,154,0,222,66,0,0,2,0,63,136,278,0,0,0,0,0,0,0,3,0,0,0,0,0,0,0,0,0,0,0,0,0,0,0
2017_04_JLS_T4,2017_04_JLS,JLS,East,"""201704",0,3,0,0,0,0,0,0,0,0,0,0,0,0,0,0,0,0,2,0,0,0,5,2,0,0,3,0,0,0,0,0,0,0,0,0,0,0,8,0,0,0,0,0,0,0,1,1,0,0,0,0,0,0,0,0,0,0,0,0,0,0,0,0,0,0,0,0,0,0,0,0,0,0,0,0,0,0,0,0,0,0,0,0,0,0,0,0,0,0,0,0,0,0,1,0,0,0,0,72,0,304,63,0,0,0,0,28,36,397,0,0,0,0,0,0,0,0,0,0,0,0,0,0,0,0,0,0,0,0,0,0,0
2017_04_JLS_T5,2017_04_JLS,JLS,East,"""201704",0,4,0,0,0,0,0,0,0,0,0,0,0,0,0,0,0,0,0,0,0,0,0,2,0,0,3,0,0,0,0,0,0,0,0,0,0,0,1,0,0,0,0,0,3,0,0,1,0,0,0,0,0,0,0,0,0,0,0,0,0,0,0,0,0,0,0,0,0,0,0,0,0,0,0,0,0,0,0,0,0,0,29,0,0,0,0,0,0,0,5,0,0,0,0,1,0,0,2,69,0,317,106,0,0,0,0,20,6,361,0,0,0,0,0,0,0,1,0,0,0,0,3,0,0,0,0,0,0,0,0,0,0
2017_04_LDS_T1,2017_04_LDS,LDS,Nanwan,"""201704",0,2,0,0,0,0,0,0,4,1,0,0,0,0,0,0,0,0,0,0,0,0,0,6,0,0,9,1,11,0,0,0,0,11,0,0,0,2,2,0,47,0,0,0,1,0,2,2,0,1,0,0,0,0,0,0,0,0,0,0,0,0,0,0,0,0,2,0,0,8,0,0,0,0,0,0,0,0,0,0,0,0,0,0,2,0,0,0,0,1,7,0,1,0,1,206,0,0,0,35,1,136,38,0,0,18,0,10,2,402,1,0,0,0,0,0,0,0,0,0,0,0,0,0,0,0,0,0,0,0,0,0,0
2017_04_LDS_T2,2017_04_LDS,LDS,Nanwan,"""201704",0,0,0,0,0,0,1,0,0,0,0,0,0,0,0,0,0,0,0,0,0,0,0,3,0,0,9,1,0,0,0,0,0,0,0,0,3,1,7,0,3,0,0,0,7,0,5,0,0,0,0,0,0,0,0,0,0,0,0,0,0,0,0,0,0,0,0,0,0,0,0,0,0,0,0,0,0,0,0,0,3,0,17,0,0,0,0,0,0,0,4,0,33,0,21,132,0,0,0,38,0,163,122,0,0,0,0,172,10,230,0,0,2,0,0,0,0,3,0,0,0,0,0,0,0,0,0,0,0,0,0,0,0
2017_04_LDS_T3,2017_04_LDS,LDS,Nanwan,"""201704",0,2,0,0,0,0,0,0,0,0,0,0,0,0,0,0,0,0,0,0,0,0,0,0,0,0,7,0,0,0,0,0,0,14,0,0,3,1,1,0,20,0,0,0,9,0,0,3,0,0,0,0,0,0,0,0,0,0,0,0,0,0,0,0,0,0,0,0,0,0,0,0,0,0,0,0,0,0,0,0,0,0,0,0,0,0,0,0,0,5,4,0,81,0,29,170,0,0,0,55,0,223,52,0,0,0,0,19,3,272,0,0,0,0,0,0,0,0,0,0,0,0,0,0,0,0,2,0,0,0,0,0,0
2017_04_LDS_T4,2017_04_LDS,LDS,Nanwan,"""201704",0,4,0,0,0,0,0,0,0,0,0,0,0,0,0,0,0,0,0,0,0,0,0,1,0,0,2,0,0,0,0,0,0,0,0,0,0,3,0,0,0,0,0,0,0,0,0,2,0,0,0,0,0,0,0,0,0,0,0,0,0,0,0,0,0,0,0,0,0,0,0,0,0,0,0,0,0,0,0,0,0,0,3,0,1,0,0,0,0,3,5,0,133,0,30,250,0,0,0,22,0,206,28,0,0,0,0,1,21,286,0,0,0,0,0,1,0,2,0,0,0,0,1,0,0,0,1,0,0,0,0,0,0
2017_04_LDS_T5,2017_04_LDS,LDS,Nanwan,"""201704",0,5,0,0,0,0,0,0,0,0,0,0,0,0,0,0,0,0,0,0,0,0,0,0,0,0,8,0,0,0,0,0,0,1,0,0,0,0,5,0,1,0,0,0,0,0,0,0,0,0,6,0,0,0,0,0,0,0,0,0,0,0,0,0,0,0,0,0,0,0,0,0,0,0,0,0,0,0,0,0,0,0,0,0,0,0,0,0,0,0,0,0,18,0,80,273,0,0,0,13,0,215,30,0,0,0,0,1,1,319,0,0,2,0,0,0,0,1,0,0,0,0,1,0,0,0,0,0,0,0,0,0,0
2017_04_LK_T1,2017_04_LK,LK,East,"""201704",0,3,0,0,0,0,0,0,9,0,0,0,0,0,0,14,0,0,3,0,0,0,0,7,0,0,21,2,0,0,0,0,0,16,0,0,0,0,23,10,0,0,0,0,0,0,25,1,0,0,0,0,0,0,0,1,0,0,0,0,0,0,0,0,0,0,0,0,0,0,0,0,0,0,0,0,0,0,0,0,0,0,0,0,2,0,0,0,0,0,25,0,0,0,0,34,0,0,0,99,0,100,43,0,0,29,0,9,105,358,1,0,0,0,0,0,0,0,0,0,0,0,0,0,0,0,0,0,0,0,0,0,0
2017_04_LK_T2,2017_04_LK,LK,East,"""201704",0,8,0,0,0,0,0,0,5,0,0,0,0,0,0,8,0,0,0,0,0,0,0,5,0,0,35,0,0,0,3,0,0,7,0,0,0,0,2,31,0,0,0,0,0,0,4,2,0,0,0,0,0,0,0,0,0,0,0,0,0,0,0,0,0,0,6,0,0,0,0,9,0,0,0,0,0,0,0,0,2,0,0,0,7,0,0,0,0,0,137,0,5,0,0,67,0,0,0,278,0,43,0,0,0,3,0,7,185,66,0,1,5,0,0,0,0,0,0,0,0,0,0,0,0,0,0,0,0,0,0,0,0
2017_04_LK_T3,2017_04_LK,LK,East,"""201704",0,9,0,0,0,0,0,0,40,0,0,0,0,0,0,0,0,0,13,0,0,0,0,5,0,0,15,0,0,0,8,0,0,2,0,0,0,0,1,0,3,0,0,0,0,0,21,16,0,0,6,0,0,0,0,0,0,0,0,0,0,0,0,0,0,0,1,0,0,0,0,0,3,0,0,0,0,0,0,0,0,0,4,0,2,0,1,0,0,0,277,0,0,0,0,29,0,0,0,303,0,56,1,0,0,0,0,2,99,31,0,1,4,0,0,0,0,0,0,0,0,0,0,0,0,0,0,0,0,0,0,0,0
2017_04_LK_T4,2017_04_LK,LK,East,"""201704",0,0,0,0,0,0,0,0,7,1,0,0,0,0,0,0,0,0,7,0,0,0,1,21,0,0,6,0,0,0,2,0,0,1,0,0,0,0,3,0,0,0,0,0,2,0,0,3,0,0,1,0,0,0,0,0,0,0,0,0,0,0,0,0,0,0,0,0,0,0,0,0,0,0,0,0,0,0,0,0,0,0,0,0,0,0,0,0,0,0,161,0,0,0,0,14,2,0,4,294,0,23,10,0,0,6,0,23,254,78,2,11,0,0,0,0,0,10,0,1,0,0,0,0,0,0,0,0,0,0,0,0,0
2017_04_LK_T5,2017_04_LK,LK,East,"""201704",0,4,0,0,0,0,0,0,2,0,0,0,0,0,0,0,0,0,2,0,0,0,0,10,0,0,5,1,0,0,1,0,0,0,0,0,0,0,0,0,0,0,0,0,1,0,0,0,0,0,0,0,0,0,0,0,0,0,0,0,0,0,0,0,0,0,15,0,0,1,0,0,0,0,0,0,0,0,0,0,0,0,0,0,0,0,0,0,0,0,115,0,1,0,4,9,0,0,0,108,0,100,12,0,0,4,0,8,108,368,0,7,1,0,0,0,0,2,0,0,0,0,0,0,0,0,0,2,0,0,0,0,0
2017_04_OUT_T1,2017_04_OUT,OUT,Nanwan,"""201704",0,4,0,0,0,0,29,0,4,8,0,0,0,0,0,0,0,0,0,0,0,0,0,2,0,0,6,53,0,0,0,4,0,0,0,0,0,6,0,0,206,0,0,0,0,0,2,10,0,0,0,0,0,0,0,89,0,0,0,0,0,0,0,0,0,0,9,0,0,10,0,0,0,0,5,0,0,0,4,0,9,0,7,0,0,0,0,0,0,0,0,0,0,0,0,0,1,0,0,60,5,17,89,0,1,19,4,13,89,100,2,0,0,0,0,0,0,0,0,0,0,0,0,0,0,0,0,0,0,0,0,0,0
2017_04_OUT_T2,2017_04_OUT,OUT,Nanwan,"""201704",0,10,0,0,0,0,3,0,10,11,0,3,0,0,0,8,0,0,1,0,0,0,0,14,0,0,42,23,0,0,0,0,0,0,0,0,0,2,7,0,138,0,0,0,0,3,12,0,0,0,0,0,0,0,0,23,0,0,0,0,0,0,0,0,0,0,0,0,0,16,0,0,0,0,0,0,0,0,0,0,8,0,0,0,3,0,0,0,0,0,2,0,0,0,0,16,5,0,0,132,0,21,69,0,1,0,0,1,225,78,1,0,0,0,0,0,0,0,0,0,0,0,0,0,0,0,0,0,0,0,0,0,0
2017_04_OUT_T3,2017_04_OUT,OUT,Nanwan,"""201704",0,0,0,1,3,0,74,0,33,0,2,4,0,0,0,0,0,0,26,0,0,0,10,15,0,0,52,16,0,0,23,0,0,6,0,0,0,0,0,0,145,0,0,0,0,9,9,13,4,0,0,0,0,0,0,56,0,0,0,0,0,0,0,0,0,0,0,0,0,8,0,0,0,0,0,0,0,0,0,0,0,0,0,0,6,0,0,0,0,0,0,0,0,0,0,17,6,0,0,77,0,0,58,0,0,0,2,4,147,39,0,0,0,0,0,0,0,0,0,0,0,0,0,0,0,0,0,0,0,0,0,0,1
2017_04_OUT_T4,2017_04_OUT,OUT,Nanwan,"""201704",0,5,0,8,0,0,65,0,13,0,0,0,0,0,0,0,0,0,0,0,0,0,0,11,0,0,26,90,0,0,0,6,0,25,0,0,0,0,0,0,89,0,0,0,0,6,8,12,0,0,0,0,0,0,0,37,0,0,0,0,0,0,0,0,0,0,4,0,0,40,0,6,0,0,0,0,0,0,0,0,74,0,25,0,12,0,0,0,0,0,0,0,0,0,0,3,1,0,0,77,0,17,35,0,0,3,0,21,78,90,0,0,0,0,0,0,0,1,0,0,0,0,0,0,0,0,0,0,0,0,0,0,0
2017_04_OUT_T5,2017_04_OUT,OUT,Nanwan,"""201704",0,4,0,1,0,0,0,0,5,0,0,0,0,0,0,0,4,0,0,0,0,0,0,6,0,0,61,60,0,0,10,0,0,0,0,0,0,0,0,0,136,0,0,0,0,0,1,0,0,0,0,0,0,0,0,5,0,0,0,0,0,0,0,0,0,0,5,0,0,29,0,0,0,0,0,0,0,0,0,0,5,0,25,0,0,0,0,0,0,0,1,0,0,0,1,0,18,0,0,39,0,53,42,0,0,7,0,0,151,166,0,0,0,0,0,0,0,0,0,0,0,0,0,0,0,0,0,0,0,0,0,0,0
2017_04_SJW_T1,2017_04_SJW,SJW,Nanwan,"""201704",0,2,0,0,0,0,0,0,3,0,0,0,0,0,0,0,0,0,1,0,0,0,0,7,0,4,14,0,0,2,0,0,0,0,0,0,19,36,0,0,33,0,0,0,2,0,16,1,0,0,0,0,0,0,14,0,0,0,0,0,0,0,0,0,0,0,0,0,0,11,0,13,0,0,0,0,0,0,0,0,37,0,0,0,0,0,0,0,0,0,0,0,0,0,0,3,6,0,0,26,0,132,268,0,0,4,0,12,20,218,1,0,0,0,0,0,0,1,0,0,0,0,0,0,0,0,0,0,0,0,0,0,0
2017_04_SJW_T2,2017_04_SJW,SJW,Nanwan,"""201704",0,7,0,0,0,0,0,0,6,0,0,0,0,0,0,0,0,0,5,0,0,0,9,0,0,0,15,0,1,0,0,0,0,22,0,0,3,10,3,0,46,0,0,0,0,0,8,8,0,0,0,0,0,0,0,0,0,0,0,0,0,0,0,0,0,0,4,0,0,0,0,0,0,0,0,0,0,0,0,0,5,0,48,0,1,0,3,0,0,0,5,0,0,0,0,0,0,0,0,72,0,128,221,0,0,0,0,1,20,261,1,0,0,0,0,0,0,2,0,0,0,0,0,0,0,0,0,0,0,0,0,0,0
2017_04_SJW_T3,2017_04_SJW,SJW,Nanwan,"""201704",0,9,0,0,0,0,0,0,4,0,0,0,0,0,0,12,0,0,0,0,0,0,15,1,0,0,12,2,0,0,0,0,0,3,10,0,0,0,0,0,86,0,0,0,0,0,0,0,0,0,0,0,0,0,0,9,0,0,0,0,0,0,0,0,0,0,5,0,0,0,0,0,0,0,0,0,0,0,0,0,0,0,0,0,0,0,23,0,0,0,5,0,0,0,0,0,7,0,0,27,0,111,284,0,0,0,0,8,1,264,0,0,0,0,0,0,0,2,0,0,0,0,0,0,0,0,0,0,0,0,0,0,0
2017_04_SJW_T4,2017_04_SJW,SJW,Nanwan,"""201704",0,6,0,0,0,0,0,0,5,0,0,0,0,0,0,0,0,0,0,0,0,0,3,1,0,0,8,1,6,0,0,0,0,1,0,0,0,0,0,0,138,0,0,0,0,0,16,5,0,0,0,0,0,0,0,5,0,0,0,0,0,0,0,0,0,0,0,0,0,12,36,0,0,0,0,0,0,0,0,0,0,0,0,0,0,0,18,0,0,0,8,0,0,0,0,0,0,0,0,54,0,138,199,0,52,0,0,7,11,177,0,0,0,0,0,0,0,3,0,0,0,0,0,0,0,0,0,0,0,0,0,0,0
2017_04_SJW_T5,2017_04_SJW,SJW,Nanwan,"""201704",0,5,0,1,0,0,0,0,2,0,0,0,0,0,0,1,0,0,0,0,0,0,7,9,0,0,2,0,0,0,0,0,0,10,0,0,0,8,0,0,43,0,0,0,6,0,25,19,0,0,0,0,0,0,0,0,0,0,0,0,0,0,0,0,0,0,0,0,0,3,0,0,0,0,0,0,0,0,0,0,0,0,3,0,4,0,70,0,0,0,1,0,0,0,0,3,0,0,0,51,0,175,142,0,73,0,0,8,10,234,0,0,0,0,0,0,0,1,0,0,0,0,0,0,0,0,1,0,0,0,0,0,0
2017_04_TS_T1,2017_04_TS,TS,Nanwan,"""201704",0,2,0,5,0,0,0,0,2,0,2,0,0,0,0,0,0,0,1,0,5,0,0,10,0,4,15,2,0,0,1,0,0,0,0,0,0,0,11,0,15,6,0,0,0,0,11,2,0,0,0,0,7,0,0,2,0,0,0,0,0,0,0,0,9,0,0,0,0,0,0,0,3,0,0,8,0,0,0,0,4,0,22,0,5,0,35,0,0,0,0,0,12,0,10,0,0,0,1,47,0,68,425,0,0,1,0,0,29,115,0,0,3,0,0,0,0,0,0,0,0,0,0,0,0,0,0,0,0,0,0,0,0
2017_04_TS_T2,2017_04_TS,TS,Nanwan,"""201704",0,19,0,21,4,0,6,0,3,3,0,0,0,0,0,0,0,0,52,0,0,0,3,14,0,0,4,2,2,0,10,0,0,0,0,0,10,10,9,0,36,0,0,0,0,0,10,21,0,0,0,0,0,0,0,49,0,0,0,0,0,0,0,0,19,0,2,0,0,0,0,0,0,0,0,0,0,0,0,0,6,0,68,0,3,0,14,0,0,0,0,0,3,0,6,0,0,0,3,35,0,88,87,0,0,2,0,5,12,194,0,0,2,0,0,0,0,6,0,0,0,0,0,0,0,0,0,0,0,0,0,0,0
2017_04_TS_T3,2017_04_TS,TS,Nanwan,"""201704",0,6,0,3,0,0,3,0,0,0,1,0,0,0,0,0,0,0,3,0,0,0,0,6,0,0,14,4,3,0,1,0,0,0,0,0,0,9,0,0,29,0,0,0,0,0,35,9,0,0,0,0,0,0,0,15,0,0,0,0,0,0,0,0,1,0,6,0,5,0,0,0,0,0,0,0,0,0,0,0,7,0,1,0,1,0,11,0,0,0,0,0,0,0,15,2,0,0,0,62,0,135,239,0,0,0,0,0,23,118,0,0,0,0,0,0,0,5,0,0,0,0,0,0,0,1,0,0,0,0,0,0,0
2017_04_TS_T4,2017_04_TS,TS,Nanwan,"""201704",0,6,0,4,0,0,14,0,0,0,0,0,0,0,0,0,0,0,12,0,0,0,3,15,0,0,21,1,4,0,6,0,0,0,0,0,0,0,9,0,42,0,0,1,3,0,15,20,0,0,0,0,4,0,0,4,0,0,0,0,0,0,0,0,0,0,22,0,0,0,0,0,0,0,0,0,0,0,0,0,0,0,30,0,5,0,7,0,0,0,0,0,1,0,20,0,0,0,0,65,0,115,221,0,0,0,0,0,26,140,1,0,0,0,0,0,0,1,0,0,0,0,1,0,1,0,1,0,0,0,0,0,0
2017_04_TS_T5,2017_04_TS,TS,Nanwan,"""201704",1,12,0,2,0,0,8,0,2,0,0,0,0,0,0,0,0,0,5,0,0,0,3,15,0,4,20,1,0,3,0,0,0,4,0,0,0,11,14,0,97,0,0,0,1,0,22,14,0,0,0,0,0,0,0,7,0,0,0,0,0,0,0,0,13,0,2,0,2,37,0,0,0,0,3,14,0,0,0,0,0,0,13,0,2,0,15,0,0,0,0,0,0,0,6,2,0,0,0,52,0,210,57,0,0,0,0,1,19,123,0,0,0,0,0,0,0,0,0,0,0,0,0,0,0,0,0,0,0,0,0,0,0
2017_04_WLT_T1,2017_04_WLT,WLT,West,"""201704",0,11,0,5,0,0,7,0,8,0,0,0,0,0,0,0,0,0,8,5,0,0,3,7,0,0,8,2,0,0,1,0,0,0,0,0,0,1,2,0,60,0,0,0,5,0,8,23,4,0,0,0,0,0,0,65,0,0,0,2,0,0,0,0,0,0,0,0,0,0,0,0,0,0,0,0,0,4,0,0,1,0,0,0,2,0,23,0,0,0,41,0,0,0,0,0,0,0,0,61,0,36,10,0,1,0,0,9,82,264,1,0,1,0,0,0,0,13,0,0,0,0,0,0,0,0,0,0,0,0,0,0,0
2017_04_WLT_T2,2017_04_WLT,WLT,West,"""201704",0,4,0,3,0,0,0,2,0,0,0,0,0,5,0,0,0,0,29,0,0,0,0,5,0,0,2,0,1,0,4,0,0,1,0,0,0,1,0,5,25,0,0,0,0,0,2,2,0,0,0,0,0,0,0,0,0,0,0,0,0,0,0,0,0,0,3,0,0,7,0,0,0,0,0,0,2,0,0,0,0,0,44,0,1,0,2,0,0,0,35,0,0,0,0,0,0,0,0,52,0,47,4,0,3,2,0,1,106,517,0,0,0,0,0,0,0,12,0,0,0,0,0,0,0,0,0,0,0,0,0,0,0
2017_04_WLT_T3,2017_04_WLT,WLT,West,"""201704",0,3,3,2,0,0,0,0,2,0,0,0,0,1,0,0,0,0,4,0,0,0,6,1,0,0,5,1,2,0,0,0,0,1,0,0,0,0,2,2,58,1,0,0,2,0,8,12,0,0,13,0,0,0,0,5,0,0,0,3,0,0,0,0,3,0,0,0,0,3,0,0,9,0,0,0,3,0,0,0,0,0,15,0,0,0,0,0,0,0,58,0,1,0,0,2,0,0,0,105,0,33,6,0,0,0,0,1,13,454,0,0,1,0,0,0,0,4,0,0,0,0,0,0,0,0,0,0,0,0,0,0,0
2017_04_WLT_T4,2017_04_WLT,WLT,West,"""201704",0,6,0,2,0,0,0,0,20,0,0,0,0,0,0,0,0,0,3,0,0,0,1,6,0,0,3,0,0,0,3,0,0,13,0,0,0,0,0,6,148,0,0,0,6,0,4,18,0,0,0,0,0,0,0,20,0,0,0,3,0,0,0,0,0,0,2,0,0,0,0,3,0,0,0,0,0,0,0,0,0,0,31,0,1,0,0,0,0,0,51,0,0,0,0,5,0,0,0,54,0,20,10,0,0,0,0,2,29,365,0,0,2,0,0,0,0,6,0,0,0,0,0,0,0,0,0,0,0,0,0,0,0
2017_04_WLT_T5,2017_04_WLT,WLT,West,"""201704",0,1,0,2,0,0,6,0,10,0,0,0,0,0,0,0,0,0,2,0,0,0,2,3,0,0,12,0,0,0,1,0,0,0,0,0,0,0,0,2,150,0,0,0,1,0,1,15,0,0,0,0,0,0,0,51,0,0,0,0,0,0,0,0,0,0,3,0,0,0,0,0,0,0,0,0,0,0,0,0,0,0,12,0,18,0,7,0,0,0,76,0,0,0,0,0,0,0,0,79,0,25,8,0,0,0,0,0,57,362,0,0,0,0,0,0,0,3,0,0,0,0,0,0,0,0,0,0,0,0,0,0,0
